name,rest_id,city,area,cuisine,cost_for_two,del_time,max_del_time,min_del_time,loc,disc_meta,disc_type,disc_op_type,fee,menu_link
MEALFUL WRAPS,274772,1,HSR,"['Fast Food', 'North Indian', 'Desserts', 'Snacks', 'Indian']",25000,21,21,21,Harlur Road,50% off | Use SWIGGYIT,Percentage,RESTAURANT,2500,
Polar Bear,159251,1,Kudlu Gate,['Desserts'],30000,22,22,22,Haralur,30% off | Use JUMBO,Percentage,RESTAURANT,2500,
Embassy Dhaba,254401,1,Kudlu Gate,['Indian'],30000,23,23,23,Kudlu Gate,,,,2500,
Baskin Robbins,61688,1,Bellandur Sarjapur,['Desserts'],30000,24,24,24,"Bineeta Plaza,Harlur Road",20% off | Use SWIGGYIT,Percentage,RESTAURANT,2800,
Biryani Rooh-e-Khaas,151050,1,Kudlu Gate,"['Mughlai', 'Biryani']",30000,24,24,24,HSR Layout,,,,2500,
Quickie.in,308486,1,HSR,"['Snacks', 'Beverages']",20000,25,25,25,HSR,40% off | Use SWIGGYIT,Percentage,RESTAURANT,2500,
Frozen Bottle,107708,1,Bellandur Sarjapur,"['Beverages', 'Ice Cream', 'Desserts']",25000,25,25,25,Harlur Road,40% off | Use SWIGGYIT,Percentage,RESTAURANT,2800,
Sundae Everyday Ice Creams,255298,1,Bellandur Sarjapur,"['Desserts', 'Ice Cream']",20000,26,26,26,Bellandur Sarjapur,60% off | Use DEAL60,Percentage,RESTAURANT,0,
BOX8 - Desi Meals,289257,1,HSR,"['North Indian', 'Biryani', 'Fast Food', 'Combo', 'Snacks']",25000,26,26,26,Harlur Road,50% off | Use SWIGGYIT,Percentage,RESTAURANT,2500,
Kolkata Rolls & Fast Food,77873,1,HSR,['Fast Food'],15000,26,26,26,Anki Reddy Bavana Parangi Palya,20% off | Use SWIGGYIT,Percentage,RESTAURANT,0,
"Cupcake Noggins - Cakes,Pastries and Desserts(Sarjapur Rd)",1887,1,Bellandur Sarjapur,"['Desserts', 'British', 'Pizzas', 'Bakery', 'Snacks']",15000,26,26,26,Bineeta Plaza,,,,2800,
Healthful,310683,1,Kudlu Gate,"['Continental', 'Indian', 'Oriental', 'Healthy Food', 'Pan-Asian', 'Home Food', 'North Indian', 'Chinese', 'Desserts', 'Salads']",25000,27,27,27,Kudlu Gate,60% off | Use DEAL60,Percentage,RESTAURANT,0,
Gulpp,305857,1,HSR,"['Beverages', 'Desserts']",15000,27,27,27,"Link Rd, BDA Layout",40% off | Use HEALTHHUB,Percentage,RESTAURANT,2500,
Lassi'licious ,151226,1,Bellandur Sarjapur,"['Gujarati', 'Fast Food', 'Street Food', 'Indian', 'North Indian', 'Maharashtrian', 'Rajasthani']",30000,27,27,27,Bellandur Sarjapur,30% off on orders above ₹149,Percentage,RESTAURANT,2800,
Dhaba By Husbands Kitchen,321862,1,Bellandur Sarjapur,"['North Indian', 'Fast Food']",20000,27,27,27,Haralur Road,10% off on orders above ₹149,Percentage,RESTAURANT,2800,
Kebab-E-Sultanat,317766,1,HSR,"['Awadhi', 'Mughlai', 'North Indian']",40000,27,27,27,HSR,,,,2500,
Combo Junction,334345,1,HSR,"['Indian', 'Combo']",20000,27,27,27,HSR,,,,2500,
SAPTAPADI KOLKATA,336354,1,Kudlu Gate,"['North Indian', 'Biryani']",30000,27,27,27,Kudlu Gate,,,,2500,
Balle Balle Kitchen,150397,1,HSR,"['North Indian', 'Mughlai', 'Chinese', 'Hyderabadi', 'Punjabi']",20000,27,27,27,HSR,,,,2500,
Kia's Kitchen,61979,1,HSR,"['Indian', 'Chinese', 'Thalis', 'Biryani']",25000,27,27,27,27th main,,,,2500,
Munchies By Kapoor Aunty,304085,1,HSR,['Snacks'],40000,27,27,27,HSR,,,,2500,
The Meal Story,246088,1,Bellandur Sarjapur,['North Indian'],40000,27,27,27,Bellandur,,,,2800,
"Cupcake Noggins - Cakes,Pastries and Desserts",19087,1,Bellandur Sarjapur,"['Desserts', 'Bakery', 'Pizzas', 'Snacks']",15000,27,27,27,27th Main Sector 1,,,,2800,
Bombay Kulfis,40671,1,HSR,"['Desserts', 'Ice Cream', 'Sweets']",10000,28,28,28,"Sector 2, HSR",Free Delivery | Use FREEDEL,FREE_DELIVERY,RESTAURANT,0,
Itminaan Biryani - Dum Pukht,313595,1,HSR,"['Biryani', 'North Indian', 'Mughlai']",40000,28,28,28,Harlur Road,60% off | Use DEAL60,Percentage,RESTAURANT,2500,
Sandwich Guru,174784,1,HSR,"['Fast Food', 'Snacks', 'Beverages']",9900,28,28,28,HSR LAYOUT,45% off on all orders,Percentage,RESTAURANT,2800,
The Roll Pod!,275401,1,Kudlu Gate,"['Fast Food', 'Snacks', 'Healthy Food', 'Street Food', 'Beverages']",25000,28,28,28,Kudlu Gate,40% off | Use SWIGGYIT,Percentage,RESTAURANT,2500,
Celebrations by Ovenstory,263814,1,Kudlu Gate,"['Pizzas', 'Desserts']",50000,28,28,28,AECS Layout,40% off | Use SWIGGYIT,Percentage,RESTAURANT,2500,
The Farmer's Son,202176,1,Kudlu Gate,"['Beverages', 'Juices', 'Healthy Food']",20000,28,28,28,"Haralur Road, Kudlu Rd",40% off | Use HEALTHHUB,Percentage,RESTAURANT,2500,
Venkataramana nellore mess,211287,1,HSR,"['South Indian', 'Chinese']",20000,28,28,28,HSR,30% off | Use SWIGGYIT,Percentage,RESTAURANT,2500,
CREAMS & BITES,324965,1,Kudlu Gate,['Ice Cream'],25000,28,28,28,Singasandra,20% off | Use SWIGGYIT,Percentage,RESTAURANT,2500,
Sagar fast food,100588,1,HSR,"['South Indian', 'North Indian', 'Fast Food']",15000,28,28,28,24th main road 2nd sector,10% off on orders above ₹120,Percentage,RESTAURANT,2500,
NH8,142463,1,Kudlu Gate,"['North Indian', 'Rajasthani', 'Chaat']",20000,28,28,28,Haralur Road,,,,2500,
Chef Of Shanghai,334348,1,HSR,['Chinese'],25000,28,28,28,HSR,,,,2500,
Kolkata Biryani & Kati Roll,196348,1,HSR,['Indian'],30000,28,28,28,HSR,,,,2500,
Star Punjab,316254,1,Kudlu Gate,['Snacks'],30000,28,28,28,Sai Sree layout haralur main road,,,,2500,
Kolkata Biryani,175523,1,HSR,"['Biryani', 'Chinese', 'Fast Food']",30000,28,28,28,,,,,2500,
FALOODA PALACE,344745,1,HSR,"['Beverages', 'Desserts']",36000,28,28,28,HSR,,,,2800,
Meat and Eat,92363,1,Bellandur Sarjapur,['Fast Food'],50000,28,28,28,Matha Amrita College Road,,,,2800,
Sardarji Londonwaley,151043,1,Kudlu Gate,"['North Indian', 'Chinese', 'Indian', 'Mughlai', 'Biryani']",30000,29,29,29,Arekere,60% off | Use DEAL60,Percentage,RESTAURANT,0,
Artinci - Healthy Desserts,259581,1,Whitefield ,"['Desserts', 'Ice Cream', 'Keto', 'Healthy Food', 'Beverages', 'Snacks', 'Bakery']",30000,29,29,29,Kudlu Gate,60% off | Use DEAL60,Percentage,RESTAURANT,0,
Great Indian Khichdi,246632,1,HSR,"['Indian', 'Home Food', 'Healthy Food']",20000,29,29,29,"24th Cross Road,Sector 2",50% off | Use SWIGGYIT,Percentage,RESTAURANT,0,
Mama Mia! - Italian Ice Creams,184129,1,HSR,"['Ice Cream', 'Desserts', 'Bakery', 'Sweets']",20000,29,29,29,HSR,50% off | Use SWIGGYIT,Percentage,RESTAURANT,0,
Punjabi Nawabi,38008,1,Kudlu Gate,"['Punjabi', 'North Indian', 'Indian', 'Chinese', 'Biryani']",40000,29,29,29,HSR,40% off | Use SWIGGYIT,Percentage,RESTAURANT,0,
Punjabi Unplugged,151047,1,Kudlu Gate,"['North Indian', 'Chinese', 'Indian', 'Mughlai', 'Biryani']",30000,29,29,29,HSR,40% off | Use SWIGGYIT,Percentage,RESTAURANT,0,
The Naidu Biryani,237372,1,Kudlu Gate,"['Biryani', 'South Indian', 'North Indian', 'Thalis', 'Andhra']",35000,29,29,29,"harlur road,hsr",40% off | Use SWIGGYIT,Percentage,RESTAURANT,2500,
homely,66864,1,Kudlu Gate,"['Home Food', 'North Indian', 'South Indian', 'Healthy Food', 'Beverages', 'Chettinad', 'Combo', 'Desserts', 'Hyderabadi', 'Indian', 'Lucknowi', 'Maharashtrian', 'Mangalorean', 'Punjabi', 'Rajasthani', 'Snacks', 'Sweets', 'Thalis']",20000,29,29,29,Haralakunte Village,40% off | Use SWIGGYIT,Percentage,RESTAURANT,0,
Donne Biriyanis Junction,320177,1,HSR,"['Biryani', 'Indian']",30000,29,29,29,HSR,40% off | Use SWIGGYIT,Percentage,RESTAURANT,0,
Mughlai Cravings,235277,1,HSR,"['Chinese', 'Indian', 'Tandoor', 'Mughlai']",20000,29,29,29,HSR,30% off | Use SWIGGYIT,Percentage,RESTAURANT,0,
Maareddy's Hyderabad Biryani House,213531,1,Kudlu Gate,"['Biryani', 'Chinese', 'Indian', 'Tandoor', 'Hyderabadi', 'Andhra', 'Punjabi']",30000,29,29,29,"PWD Quarters, Harlur",,,,2500,
Families Food Court,71937,1,HSR,"['Chinese', 'North Indian']",30000,29,29,29,Kudlu gate,,,,2500,
MUMBAI 99 VARIETY DOSA,295487,1,HSR,"['South Indian', 'Fast Food', 'Beverages']",9900,29,29,29,HSR,,,,2800,
125 gms,253630,1,HSR,"['Cafe', 'Chinese', 'Combo', 'Indian']",15000,29,29,29,HSR,,,,2500,
Zippy Bowls,322379,1,HSR,"['Biryani', 'Chinese', 'Combo', 'Continental', 'Desserts', 'North Indian', 'Pan-Asian']",30000,29,29,29,HSR,,,,2800,
GANESH FRUIT JUICE CENTER,295170,1,HSR,"['Beverages', 'Ice Cream', 'Juices']",9900,29,29,29,HSR,,,,2800,
99 Variety Dosa,295490,1,HSR,"['South Indian', 'Beverages']",9900,29,29,29,HSR,,,,2800,
Naati Mane,302050,1,HSR,['Indian'],35000,29,29,29,HSR,,,,2800,
Chai Point,10306,1,HSR,"['Bakery', 'Cafe', 'Combo', 'Beverages', 'Maharashtrian', 'Snacks', 'Street Food', 'South Indian', 'Punjabi', 'Fast Food']",15000,30,30,30,5th Main,60% off | Use DEAL60,Percentage,RESTAURANT,2800,
Meal Studio,231932,1,HSR,"['North Indian', 'Indian', 'Combo', 'Desserts', 'Beverages', 'Home Food', 'Healthy Food', 'Thalis', 'South Indian']",30000,30,30,30,24th main Parangipalya,50% off | Use SWIGGYIT,Percentage,RESTAURANT,0,
Canteen Central,124852,1,HSR,"['Snacks', 'Fast Food', 'North Indian', 'South Indian']",20000,30,30,30,24th main Parangipalya,50% off | Use SWIGGYIT,Percentage,RESTAURANT,0,
Meal Singh,268323,1,Kudlu Gate,"['Healthy Food', 'Home Food', 'Indian', 'Thalis', 'Combo']",25000,30,30,30,Kudlu Gate,40% off | Use SWIGGYIT,Percentage,RESTAURANT,0,
Domino's Pizza,49668,1,Bangalore,['Pizzas'],40000,30,30,30,Haralur Village,40% off | Use SWIGGYIT,Percentage,RESTAURANT,2500,
Donne Biriyani House,45408,1,HSR,"['Biryani', 'South Indian', 'Combo']",20000,30,30,30,Koramangala,30% off | Use SWIGGYIT,Percentage,RESTAURANT,0,
XO Belgian Waffle,79027,1,HSR,['Desserts'],25000,30,30,30,HSR Layout,30% off | Use SWIGGYIT,Percentage,RESTAURANT,0,
90's,146285,1,HSR,"['North Indian', 'Fast Food']",18000,30,30,30,Parangi Palaya HSR Layout Sector 2,,,,2500,
Bowl Na!,238310,1,HSR,"['North Indian', 'Biryani', 'Beverages', 'Desserts']",20000,30,30,30,OYO Townhouse 049 HSR Layout,,,,2800,
One meal Story,221789,1,HSR,['Indian'],20000,30,30,30,HSR,,,,2800,
Paratha Singh,303559,1,HSR,"['Beverages', 'Desserts', 'Fast Food']",20000,30,30,30,HSR,,,,2800,
Bean Muse Cafe,342131,1,HSR,"['Pastas', 'Continental']",50000,30,30,30,HSR,,,,2800,
Ovenfresh Cakes,179417,1,HSR,['Bakery'],50000,30,30,30,HSR,,,,2800,
Matka Kulfi,335284,1,HSR,['Ice Cream'],20000,30,30,30,HSR,,,,2800,
Fresh Cane Juice,335264,1,HSR,"['Indian', 'Juices']",20000,30,30,30,HSR,,,,2800,
Apsara Ice Creams,204298,1,Bellandur Sarjapur,"['Ice Cream', 'Desserts']",15000,30,30,30,Bellandur Sarjapur,,,,2800,
Natural Ice Cream,248725,1,HSR,['Ice Cream'],15000,31,31,31,"7th Sector, HSR Layout",Extra ₹30 Cashback,FLAT_CASHBACK,RESTAURANT,2800,
Cupcake Bliss Cakes & Desserts,60657,1,Bellandur Sarjapur,"['Desserts', 'Ice Cream', 'Bakery', 'American', 'British', 'Combo', 'Snacks']",19900,31,31,31,Bellandur/Sarjapur,60% off | Use DEAL60,Percentage,RESTAURANT,0,
The Bowl Company,146387,1,Kudlu Gate,"['Continental', 'North Indian', 'Pan-Asian', 'Desserts', 'American', 'Asian', 'Beverages', 'Biryani', 'Chinese', 'Combo', 'European', 'Fast Food', 'Grill', 'Hyderabadi', 'Indian', 'Italian', 'Kebabs', 'Lucknowi', 'Mediterranean', 'Mexican', 'Mughlai', 'Oriental', 'Pas']",30000,31,31,31,Kudlu,40% off | Use SWIGGYIT,Percentage,RESTAURANT,3000,
Telugu Vantillu,316386,1,Kudlu Gate,"['Andhra', 'Combo', 'Home Food', 'Thai', 'South Indian', 'Indian', 'Beverages', 'Desserts']",25000,31,31,31,Kudlu Gate,40% off | Use SWIGGYIT,Percentage,RESTAURANT,2500,
Breakfast Express,220641,1,Kudlu Gate,"['Continental', 'North Indian', 'South Indian', 'Healthy Food', 'American', 'Beverages', 'British', 'Cafe', 'Combo', 'European', 'Desserts']",20000,31,31,31,Kudlu,40% off | Use SWIGGYIT,Percentage,RESTAURANT,0,
Beijing Bites,487,1,Bellandur Sarjapur,"['Chinese', 'Thai']",45000,31,31,31,Haralur Main Road,40% off | Use SWIGGYIT,Percentage,RESTAURANT,0,
Chaayos Meri Wali Chai,334867,1,HSR,"['Bakery', 'Beverages', 'Cafe', 'Chaat', 'Desserts', 'Fast Food', 'Healthy Food', 'Home Food', 'Italian', 'Maharashtrian', 'Snacks', 'Street Food', 'Sweets']",25000,31,31,31,Chaayos  HSR Layout,40% off | Use SWIGGYIT,Percentage,RESTAURANT,2800,
SLAY Coffee Bar,301584,1,HSR,"['Beverages', 'Cafe', 'Desserts']",20000,31,31,31,SECTOR 3,40% off | Use SWIGGYIT,Percentage,RESTAURANT,2800,
Bombay Kulfis,21164,1,Bellandur Sarjapur,"['Ice Cream', 'Desserts', 'Sweets']",10000,31,31,31,Green Glen Layout,40% off | Use SWIGGYIT,Percentage,RESTAURANT,0,
Home Plate by Canteen Central,288681,1,HSR,"['Home Food', 'North Indian', 'Healthy Food', 'Beverages', 'Thalis', 'Indian', 'South Indian', 'Combo', 'Punjabi']",16000,31,31,31,HSR,40% off | Use SPECIALS,Percentage,RESTAURANT,0,
Fresh Fit,323535,1,HSR,['Healthy Food'],28000,31,31,31,HSR,30% off on all orders,Percentage,RESTAURANT,2800,
Singh Da Pind,294144,1,HSR,"['Punjabi', 'North Indian', 'Chinese', 'Mughlai']",40000,31,31,31,HSR Layout,30% off | Use SWIGGYIT,Percentage,RESTAURANT,2500,
Freshery,249310,1,Kudlu Gate,"['Healthy Food', 'Juices', 'Beverages', 'Combo', 'Salads', 'Snacks', 'Vegan']",20000,31,31,31,Haralakunte Village,30% off | Use SWIGGYIT,Percentage,RESTAURANT,0,
Cocazy Ice Creams,260642,1,HSR,"['Desserts', 'Ice Cream']",25000,31,31,31,HSR,30% off | Use SWIGGYIT,Percentage,RESTAURANT,2500,
CANTEEN CO,301139,1,HSR,"['North Indian', 'Street Food', 'Combo', 'Chaat']",40000,31,31,31,HSR,25% off | Use SWIGGYIT,Percentage,RESTAURANT,2500,
BigBites,331553,1,HSR,['Fast Food'],40000,31,31,31,HSR,20% off on all orders,Percentage,RESTAURANT,2800,
Istah Shawarma and Biryani,293027,1,Kudlu Gate,"['Biryani', 'Arabian', 'Lebanese']",25000,31,31,31,MICRO LABS BOMMANAHALLI,20% off | Use SWIGGYIT,Percentage,RESTAURANT,2500,
Little Paradise Express,330545,1,HSR,"['Biryani', 'North Indian', 'Andhra', 'Chinese']",20000,31,31,31,HSR,20% off | Use SWIGGYIT,Percentage,RESTAURANT,2500,
BOWLSS OF BLISS,319078,1,HSR,['Ice Cream'],20000,31,31,31,HSR,20% off | Use SWIGGYIT,Percentage,RESTAURANT,2500,
Orchard Fresh - Natural Ice creams & Kulfi's,38640,1,Bellandur Sarjapur,"['Ice Cream', 'Desserts']",30000,31,31,31,Bellandur Sarjapur,15% off on orders above ₹199,Percentage,RESTAURANT,2800,
Brownie Heaven,316184,1,HSR,['Desserts'],20000,31,31,31,HSR,15% off | Use SWIGGYIT,Percentage,RESTAURANT,2800,
Mega Biryani,323521,1,HSR,['Biryani'],35000,31,31,31,HSR,10% off on all orders,Percentage,RESTAURANT,2800,
NMR Multicuisine Restaurant,110514,1,Kudlu Gate,"['Chinese', 'North Indian', 'Beverages', 'Seafood']",30000,31,31,31,AECS Layout,,,,2500,
Pakka Andhra Curry's,232612,1,Kudlu Gate,"['Indian', 'Andhra', 'Biryani']",30000,31,31,31,Truffles_Indiranagar,,,,2800,
The Chilli Gully,205452,1,Bellandur Sarjapur,"['Chinese', 'Punjabi', 'North Indian']",50000,31,31,31,Sarjapur Main Rd,,,,2800,
HANUMANTHU PALAV(Non-Veg),290609,1,HSR,['Biryani'],25000,32,32,32,HSR,₹50 off on orders above ₹249,Flat,RESTAURANT,2800,
Slurpy Shakes,59615,1,Bellandur Sarjapur,"['Beverages', 'Ice Cream', 'Desserts']",20000,32,32,32,Bellandur/Sarjapur,60% off | Use DEAL60,Percentage,RESTAURANT,0,
Veg Luv Bowl,277178,1,Koramangala,"['Indian', 'Desserts']",20000,32,32,32,Koramangala,50% off on all orders,Percentage,RESTAURANT,2800,
Yumlane Ice Creams & Desserts,266486,1,Kudlu Gate,"['Ice Cream', 'Desserts', 'Beverages']",20000,32,32,32,Kudlu Gate,50% off | Use SWIGGYIT,Percentage,RESTAURANT,0,
Stoned Monkey,27210,1,HSR,"['Ice Cream', 'Beverages', 'Juices', 'Desserts', 'Fast Food']",30000,32,32,32,27th Main,40% off on orders above ₹250,Percentage,RESTAURANT,2800,
King's Kitchen,45412,1,HSR,"['North Indian', 'South Indian', 'Chinese', 'Fast Food']",20000,32,32,32,Koramangala,40% off | Use SWIGGYIT,Percentage,RESTAURANT,2500,
Little Paradise,213573,1,HSR,"['Biryani', 'Chinese', 'Andhra', 'North Indian']",23000,32,32,32,HSR,30% off | Use SWIGGYIT,Percentage,RESTAURANT,0,
Punjabi Nukkad Pure Veg,55896,1,Kudlu Gate,"['Punjabi', 'North Indian', 'Chinese', 'Desserts']",25000,32,32,32,Harlur Main Road,30% off | Use SWIGGYIT,Percentage,RESTAURANT,0,
Edesia by Freshmenu,237468,1,HSR,"['Desserts', 'Bakery', 'Sweets']",15000,32,32,32,HSR 3rd Sector,30% off | Use SWIGGYIT,Percentage,RESTAURANT,2800,
Udupi Palace,42294,1,HSR,"['Beverages', 'Biryani', 'Chinese', 'Desserts', 'North Indian', 'South Indian']",15000,32,32,32,HSR,20% off on orders above ₹149,Percentage,RESTAURANT,2800,
Rusbury Fresh Sweets and Savouries,128140,1,Kudlu Gate,"['Sweets', 'Desserts', 'Street Food', 'Chaat']",15000,32,32,32,ACES Layout,20% off | Use SWIGGYIT,Percentage,RESTAURANT,0,
Husband's Kitchen,76929,1,Bellandur Sarjapur,"['Chinese', 'North Indian', 'Fast Food', 'Punjabi']",35000,32,32,32,carmelaram,20% off | Use SWIGGYIT,Percentage,RESTAURANT,2800,
Vms Star Biriyani,151386,1,Electronic City,['Fast Food'],25000,32,32,32,C K NAGAR,,,,2800,
BAWARCHI,279306,1,Kudlu Gate,['Indian'],20000,32,32,32,Kudlu Gate,,,,2500,
You Me And Tea,302189,1,HSR,"['Indian', 'Snacks', 'Chinese', 'Beverages']",30000,32,32,32,Sector 2,,,,2500,
Lassi Shop,28689,1,HSR,"['Beverages', 'Desserts', 'Snacks']",10000,32,32,32,24th main,,,,2800,
Hustle,203285,1,HSR,"['Continental', 'Indian']",40000,32,32,32,HSR,,,,2800,
Mustard Food Court,234011,1,HSR,"['Biryani', 'North Indian']",25000,32,32,32,HSR,,,,2800,
Bhartiya Jalpan,342032,1,HSR,"['Fast Food', 'Indian', 'Beverages']",45000,32,32,32,HSR,,,,2800,
gharwaalatiffin,208954,1,HSR,"['Chinese', 'Continental', 'Fast Food', 'Indian']",40000,32,32,32,HSR,,,,2800,
pasta de indifused,208962,1,HSR,"['Continental', 'Pastas']",30000,32,32,32,HSR,,,,2800,
big paratha house,210390,1,HSR,['North Indian'],30000,32,32,32,HSR,,,,2800,
The Biryani Experiment,219721,1,HSR,"['Mughlai', 'Biryani']",50000,33,33,33,"Link Rd, BDA Layout",60% off | Use DEAL60,Percentage,RESTAURANT,2500,
Faasos,210185,1,Kudlu Gate,"['Fast Food', 'North Indian']",50000,33,33,33,AECS Layout,60% off | Use DEAL60,Percentage,RESTAURANT,2500,
WarmOven Cake & Desserts,19627,1,Bellandur Sarjapur,"['Bakery', 'Desserts', 'Ice Cream']",20000,33,33,33,Bellandur/Sarjapur,60% off | Use DEAL60,Percentage,RESTAURANT,0,
Royale Rolls,280767,1,Koramangala,['Continental'],20000,33,33,33,Koramangala,50% off on all orders,Percentage,RESTAURANT,2800,
Bengali Aahar,285007,1,Kudlu Gate,"['Bengali', 'Snacks', 'Fast Food', 'Home Food', 'Biryani']",25000,33,33,33,Kudlu Gate,50% off | Use SWIGGYIT,Percentage,RESTAURANT,0,
The Biryani Life,210199,1,Kudlu Gate,"['Biryani', 'Mughlai', 'Indian']",25000,33,33,33,AECS Layout,50% off | Use SWIGGYIT,Percentage,RESTAURANT,2500,
Bowlsome,219699,1,HSR,"['Indian', 'North Indian', 'Desserts']",25000,33,33,33,"Link Rd, BDA Layout",50% off | Use SWIGGYIT,Percentage,RESTAURANT,2500,
BalleLicious Kitchen,70039,1,Kudlu Gate,"['Punjabi', 'North Indian', 'Chinese', 'Mughlai', 'Desserts', 'Biryani']",25000,33,33,33,HSR,40% off | Use SWIGGYIT,Percentage,RESTAURANT,0,
Khichdi Experiment,184156,1,HSR,"['Home Food', 'Healthy Food', 'Indian']",25000,33,33,33,"Link Rd, BDA Layout",40% off | Use SWIGGYIT,Percentage,RESTAURANT,2500,
Jeni's Kitchen,147354,1,HSR,"['North Indian', 'Chinese']",25000,33,33,33,BOMMANAHALLI,40% off | Use SWIGGYIT,Percentage,RESTAURANT,2500,
Bombay Kulfis,21162,1,HSR,"['Ice Cream', 'Desserts', 'Sweets']",10000,33,33,33,Sector 7,40% off | Use SWIGGYIT,Percentage,RESTAURANT,0,
CakeZone,214485,1,Kudlu Gate,"['Desserts', 'Bakery', 'Ice Cream', 'Beverages']",20000,33,33,33,Kudlu Gate,30% off | Use SWIGGYIT,Percentage,RESTAURANT,0,
Paratha Experiment,254868,1,HSR,"['North Indian', 'Punjabi']",20000,33,33,33,"Link Rd, BDA Layout",30% off | Use SWIGGYIT,Percentage,RESTAURANT,2500,
Ghar Ka Tadka,75478,1,HSR,"['North Indian', 'Home Food', 'South Indian']",40000,33,33,33,3rd Sector,30% off | Use SWIGGYIT,Percentage,RESTAURANT,0,
The House of Basil Ginger,309695,1,HSR,['Chinese'],25000,33,33,33,HSR,30% off | Use SWIGGYIT,Percentage,RESTAURANT,2800,
Donne Biriyani House,111247,1,HSR,['South Indian'],30000,33,33,33,3rd sector,20% off on orders above ₹120,Percentage,RESTAURANT,2800,
Sri Vishnu Grand Veg,58058,1,Bellandur Sarjapur,"['South Indian', 'Indian', 'Chinese']",25000,33,33,33,Sarjapur,20% off | Use SWIGGYIT,Percentage,RESTAURANT,0,
Fish & Fries,287,1,HSR,"['Seafood', 'Bengali', 'Thalis', 'Biryani', 'Continental', 'Indian', 'Fast Food', 'Steakhouse']",30000,33,33,33,Sector 2,20% off | Use SWIGGYIT,Percentage,RESTAURANT,0,
Simplee shawarma,262220,1,HSR,"['Indian', 'Arabian', 'Fast Food', 'Beverages', 'Italian', 'Lebanese']",16000,33,33,33,Sector 2,15% off | Use SWIGGYIT,Percentage,RESTAURANT,2500,
Retro the vintage cafe,202111,1,Kudlu Gate,"['Beverages', 'Ice Cream', 'Snacks', 'Desserts', 'Bakery', 'Fast Food']",20000,33,33,33,Silver County Road,,,,2500,
Aligarh House,81642,1,Kudlu Gate,"['North Indian', 'Mughlai']",40000,33,33,33,HSR,,,,2500,
CHI-HE,319816,1,Kudlu Gate,"['Indian', 'Chinese']",50000,33,33,33,Kudlu Gate,,,,2500,
THE HOMESTYLE KITCHEN,338400,1,Kudlu Gate,['South Indian'],20000,33,33,33,Kudlu Gate,,,,2500,
Fries Box,244648,1,HSR,"['American', 'Continental']",25000,33,33,33,HSR,,,,2800,
Bobby's street food,261691,1,HSR,['Indian'],10000,33,33,33,HSR,,,,2800,
Cafe Mondo,20647,1,HSR,"['Italian', 'Chinese', 'Pizzas']",50000,33,33,33,HSR sector 1,,,,2800,
NATI STYLE DONNE BIRYANI,290612,1,HSR,['Biryani'],25000,34,34,34,HSR,₹50 off on orders above ₹249,Flat,RESTAURANT,2800,
Village Donne Biryani,290584,1,HSR,['Biryani'],26000,34,34,34,HSR,₹50 off on orders above ₹249,Flat,RESTAURANT,2800,
Paradise Biryani,233815,1,HSR,"['Biryani', 'Kebabs']",40000,34,34,34,Sector 4,60% off | Use DEAL60,Percentage,RESTAURANT,2800,
Kaati Zone Rolls and Wraps,503,1,Bellandur Sarjapur,"['Fast Food', 'Beverages', 'Bengali', 'Biryani', 'Indian', 'North Indian', 'Snacks', 'Street Food', 'Healthy Food']",15000,34,34,34,Bellandur/Sarjapur,60% off | Use DEAL60,Percentage,RESTAURANT,0,
Indiana Burgers,59797,1,Bellandur Sarjapur,"['American', 'Fast Food', 'Beverages', 'Healthy Food']",15000,34,34,34,Bellandur/Sarjapur,60% off | Use DEAL60,Percentage,RESTAURANT,0,
LunchBox,210200,1,Kudlu Gate,['North Indian'],30000,34,34,34,AECS Layout,50% off | Use SWIGGYIT,Percentage,RESTAURANT,2500,
NIC Natural Ice Creams,69138,1,HSR,"['Ice Cream', 'Desserts']",12000,34,34,34,15th A Main HSR Layout,50% off | Use SPECIALS,Percentage,RESTAURANT,2800,
Keventers - Milkshakes & Ice Cream,85162,1,HSR,"['Beverages', 'Ice Cream', 'Desserts', 'Healthy Food']",30000,34,34,34,1ST SECTOR,40% off | Use SWIGGYIT,Percentage,RESTAURANT,2800,
Thammudu Paaji,171752,1,Kudlu Gate,"['North Indian', 'Chinese', 'South Indian']",25000,34,34,34,Harlur,30% off | Use SWIGGYIT,Percentage,RESTAURANT,0,
The Dessert Zone,277945,1,Bellandur Sarjapur,"['Desserts', 'Bakery', 'Ice Cream', 'American', 'British', 'Combo', 'Snacks', 'Beverages']",30000,34,34,34,Bellandur Sarjapur,30% off | Use SWIGGYIT,Percentage,RESTAURANT,2800,
Kolkata Rolls & Fast food,73862,1,Kudlu Gate,"['Chinese', 'North Indian']",15000,34,34,34,Harlur road,20% off | Use SWIGGYIT,Percentage,RESTAURANT,0,
Lazy Bear,209240,1,Kudlu Gate,"['North Indian', 'Oriya', 'Chinese', 'Fast Food', 'Home Food']",25000,34,34,34,Harlur Road,20% off | Use SWIGGYIT,Percentage,RESTAURANT,2500,
Shree Khana Khazana,17635,1,HSR,"['Indian', 'Rajasthani', 'North Indian', 'Punjabi', 'Beverages', 'Jain', 'Thalis', 'Combo']",35000,34,34,34,Sector 4,20% off | Use SWIGGYIT,Percentage,RESTAURANT,0,
Kapoor's Cafe,27746,1,HSR,['North Indian'],50000,34,34,34,HSR Sector 1,10% off | Use SWIGGYIT,Percentage,RESTAURANT,2500,
Mughal Treat,5770,1,HSR,"['Arabian', 'Chinese']",40000,34,34,34,Sector 2,,,,2500,
JUMBO SANDWICH,337344,1,HSR,"['Continental', 'Beverages']",30000,34,34,34,HSR,,,,2800,
Bullet Biryani,313249,1,HSR,['Biryani'],28000,34,34,34,HSR,,,,2800,
Jamshedpur chats and golgappa,216876,1,HSR,"['North Indian', 'Chaat']",20000,34,34,34,HSR Layout,,,,2800,
Hotel SD STAR DUM BIRIYANI,331476,1,Kudlu Gate,"['Biryani', 'Kebabs']",28000,34,34,34,Kudlu Gate,,,,2800,
McCafe by McDonald's,192273,1,HSR,"['Cafe', 'Beverages', 'Desserts']",25000,34,34,34,HSR Layout,,,,2800,
Pure Andhra Style Reddy's Restaurant,65668,1,Bellandur Sarjapur,"['Chinese', 'South Indian', 'North Indian', 'Fast Food', 'Andhra', 'Beverages', 'Mughlai', 'Seafood', 'Punjabi', 'Hyderabadi']",50000,34,34,34,Sarjapur,,,,2800,
Bengali Rannaghor,312906,1,Kudlu Gate,"['Bengali', 'Home Food', 'Indian', 'Thalis']",30000,35,35,35,Kudlu Gate,60% off | Use DEAL60,Percentage,RESTAURANT,2700,
Wakeup Cafe,156553,1,HSR,"['Fast Food', 'Beverages', 'Juices', 'Ice Cream']",10000,35,35,35,HSR Layout,50% off on all orders,Percentage,RESTAURANT,2800,
Bowl 99,329428,1,HSR,['Indian'],25000,35,35,35,HSR,50% off on all orders,Percentage,RESTAURANT,2800,
The Veggie Thali,277179,1,HSR,['Indian'],20000,35,35,35,HSR,50% off on all orders,Percentage,RESTAURANT,2800,
Shahenshah Biryani,259375,1,HSR,['Biryani'],40000,35,35,35,HSR,50% off on all orders,Percentage,RESTAURANT,2800,
The Daily Diner,305833,1,HSR,"['North Indian', 'Indian', 'Beverages', 'Home Food', 'Combo', 'Healthy Food', 'South Indian']",25000,35,35,35,"Link Rd, BDA Layout",50% off | Use SWIGGYIT,Percentage,RESTAURANT,2500,
"THE KOLKATTA	CUISINE",301675,1,Kudlu Gate,"['Bengali', 'Chaat', 'Snacks']",20000,35,35,35,Kudlu Gate,50% off | Use SWIGGYIT,Percentage,RESTAURANT,2500,
Big Biriyani Company,237522,1,HSR,"['Biryani', 'Mughlai']",35000,35,35,35,HSR 3rd Sector,50% off | Use SWIGGYIT,Percentage,RESTAURANT,2800,
Burger It Up,238142,1,Bellandur Sarjapur,"['Continental', 'American', 'Desserts', 'Fast Food', 'Beverages', 'Snacks']",40000,35,35,35,Bellandur Sarjapur,40% off | Use SWIGGYIT,Percentage,RESTAURANT,2800,
99 Variety Dosa and Pav Bhaji,183763,1,HSR,"['South Indian', 'Snacks', 'Fast Food']",20000,35,35,35,"HSR,18TH CROSS HSR LAYOUT 3RD SECTOR",30% off | Use SWIGGYIT,Percentage,RESTAURANT,0,
Nashta Express,280576,1,HSR,"['Home Food', 'Healthy Food', 'Indian']",20000,35,35,35,"Link Rd, BDA Layout",30% off | Use SWIGGYIT,Percentage,RESTAURANT,2500,
Bathinda Junction,22052,1,HSR,"['Punjabi', 'North Indian', 'Biryani']",25000,35,35,35,24th Main,30% off | Use SWIGGYIT,Percentage,RESTAURANT,0,
Riddhi Food Grand,235238,1,Bellandur Sarjapur,"['Indian', 'Chinese', 'Tandoor', 'Biryani', 'North Indian']",14900,35,35,35,Kasavanahalli Main Road,25% off | Use SWIGGYIT,Percentage,RESTAURANT,2800,
ABSOLUTE RICE BOWL FACTORY,266418,1,Bellandur Sarjapur,"['Indian', 'North Indian', 'Chinese', 'Beverages', 'Juices', 'Desserts']",14900,35,35,35,kasavanahalli main road,25% off | Use SWIGGYIT,Percentage,RESTAURANT,2800,
Deccan Biryani House,286428,1,HSR,"['Biryani', 'South Indian', 'Hyderabadi', 'Coastal', 'Desserts', 'Combo', 'Fast Food', 'Kerala', 'Sri Lankan', 'Chettinad']",35000,35,35,35,HSR,20% off | Use SWIGGYIT,Percentage,RESTAURANT,0,
The Belgian Waffle Co.,47864,1,HSR,"['Desserts', 'Beverages']",20000,35,35,35,HSR,20% off | Use SWIGGYIT,Percentage,RESTAURANT,2800,
Tea House,235158,1,HSR,['Indian'],20000,35,35,35,HSR,15% off | Use SWIGGYIT,Percentage,RESTAURANT,2800,
Mani's Dum Biryani,170045,1,Arekere,['Indian'],48300,35,35,35,Lakshmi Layout Road,10% off | Use SWIGGYIT,Percentage,RESTAURANT,2800,
BENGALI EXPERIMENTS,338930,1,Kudlu Gate,"['Sweets', 'Snacks', 'Chaat', 'Bengali']",25000,35,35,35,Kudlu Gate,,,,2500,
Halli Mane Badoota,110421,1,Kudlu Gate,"['South Indian', 'North Indian', 'Seafood']",25000,35,35,35,AECS MAIN ROAD,,,,2500,
Idli Master,314260,1,Kudlu Gate,"['South Indian', 'Chinese']",18000,35,35,35,Kudlu Gate,,,,2500,
 OliveU.Fit,304164,1,HSR,['Beverages'],30000,35,35,35,HSR,,,,2800,
The Urban Gully,242390,1,HSR,"['Indian', 'Tandoor', 'Chinese', 'Fast Food', 'Beverages']",40000,35,35,35,HSR,,,,2800,
Udupi Aramane,241191,1,HSR,['Indian'],25000,35,35,35,"Mangammanapalya Main Rd, Sector 7",,,,2800,
Travancore Kitchen,120919,1,Bellandur Sarjapur,"['South Indian', 'Kerala', 'Seafood']",25000,35,35,35,Bellandur/Sarjapur,,,,2800,
SRI BANASHANKARI DONNE BIRIYANI,335584,1,Kudlu Gate,"['North Indian', 'Chinese']",20000,35,35,35,Kudlu Gate,,,,2800,
Madurai Veg Kitchen,105862,1,Bellandur Sarjapur,"['North Indian', 'South Indian', 'Chinese']",15000,35,35,35,NR Layout Road,,,,4000,
Yumlane Pizza,239375,1,Electronic City,"['Pizzas', 'Desserts', 'Ice Cream', 'Beverages', 'Italian']",30000,36,36,36,Electronic City,60% off | Use DEAL60,Percentage,RESTAURANT,0,
Crazy Bao,312286,1,Bellandur Sarjapur,"['Chinese', 'Pan-Asian', 'Asian', 'Snacks', 'Beverages']",20000,36,36,36,Bellandur Sarjapur,60% off | Use DEAL60,Percentage,RESTAURANT,2800,
Smoodies,110402,1,HSR,"['Beverages', 'Healthy Food']",14000,36,36,36,HSR,60% off | Use DEAL60,Percentage,RESTAURANT,0,
The Golden Thali,213932,1,HSR,"['Indian', 'North Indian']",20000,36,36,36,HSR,50% off on all orders,Percentage,RESTAURANT,2800,
Maggie's Kitchen,277433,1,HSR,['North Indian'],20000,36,36,36,HSR,50% off on all orders,Percentage,RESTAURANT,2800,
Gourmet Pizzas By Yumlane,251838,1,Kudlu Gate,"['Pizzas', 'Desserts', 'Ice Cream', 'Beverages', 'Italian']",35000,36,36,36,Kudlu Gate,50% off | Use SWIGGYIT,Percentage,RESTAURANT,0,
"FROST	&	FEATHER",280283,1,HSR,"['Pizzas', 'Beverages', 'Ice Cream', 'American', 'Continental', 'Desserts']",30000,36,36,36,HSR,50% off | Use SWIGGYIT,Percentage,RESTAURANT,2500,
AUNTIE FUNG'S,308588,1,Bellandur Sarjapur,"['Asian', 'Chinese', 'Thai']",50000,36,36,36,Bellandur Sarjapur,50% off | Use SWIGGYIT,Percentage,RESTAURANT,0,
Mera Wala Paratha,243963,1,Bellandur Sarjapur,['North Indian'],40000,36,36,36,Bellandur Sarjapur,50% off | Use SWIGGYIT,Percentage,RESTAURANT,2800,
Adiga's,381,1,HSR,"['South Indian', 'North Indian', 'Chinese', 'Thalis', 'Fast Food', 'Juices', 'Desserts']",20000,36,36,36,7th Sector,50% off | Use SWIGGYIT,Percentage,RESTAURANT,0,
Natural Ice Creams Mow,337531,1,Bellandur Sarjapur,"['Ice Cream', 'Desserts']",12000,36,36,36,Bellandur Sarjapur,50% off | Use SWIGGYIT,Percentage,RESTAURANT,4000,
Dilli to Dakshin,178374,1,HSR,['North Indian'],30000,36,36,36,HSR,40% off | Use SWIGGYIT,Percentage,RESTAURANT,2800,
South Briyani kitchen,335588,1,HSR,['Indian'],35000,36,36,36,HSR,40% off | Use SWIGGYIT,Percentage,RESTAURANT,2800,
Wandercrust,179460,1,HSR,"['Pizzas', 'Italian']",35000,36,36,36,HSR 3rd Sector,40% off | Use SWIGGYIT,Percentage,RESTAURANT,2800,
Green Cravings,197762,1,HSR,"['Healthy Food', 'Continental', 'Keto', 'Indian', 'Salads']",35000,36,36,36,HSR 3rd Sector,40% off | Use SWIGGYIT,Percentage,RESTAURANT,2800,
Night Fox,69729,1,Electronic City,"['Chinese', 'South Indian', 'North Indian', 'Desserts', 'Fast Food', 'Andhra', 'Beverages', 'Mughlai', 'Seafood', 'Punjabi', 'Hyderabadi']",30000,36,36,36,Singasandra,30% off on orders above ₹189,Percentage,RESTAURANT,2500,
Shudh Desi Bhukkad,317882,1,Kudlu Gate,['Chinese'],30000,36,36,36,HSR,30% off | Use SWIGGYIT,Percentage,RESTAURANT,0,
SO-BUR,334606,1,Kudlu Gate,"['American', 'Continental', 'Fast Food']",40000,36,36,36,Kudlu Gate,30% off | Use SWIGGYIT,Percentage,RESTAURANT,2500,
Sweet Truth,210192,1,Kudlu Gate,['Desserts'],50000,36,36,36,AECS Layout,30% off | Use SWIGGYIT,Percentage,RESTAURANT,2500,
Grow Fit,66601,1,HSR,"['Healthy Food', 'Keto', 'Indian', 'Biryani', 'Thai']",35000,36,36,36,HSR,30% off | Use SWIGGYIT,Percentage,RESTAURANT,0,
Burger on Demand,153724,1,Arekere,['Beverages'],20000,36,36,36,Bannerghata Road,30% off | Use SWIGGYIT,Percentage,RESTAURANT,2800,
SoupWala,303870,1,HSR,"['Indian', 'Chinese', 'Fast Food']",20000,36,36,36,HSR,25% off on all orders,Percentage,RESTAURANT,2800,
Andhra Gunpowder,279024,1,HSR,"['South Indian', 'Biryani']",28000,36,36,36,HSR,20% off on all orders,Percentage,RESTAURANT,2800,
Lassi Cafe,117980,1,Kudlu Gate,"['North Indian', 'Desserts', 'Fast Food', 'Beverages']",25000,36,36,36,Harlur,20% off | Use SWIGGYIT,Percentage,RESTAURANT,0,
Third Wave Coffee Roasters,69903,1,HSR,"['Cafe', 'Beverages', 'Pizzas']",60000,36,36,36,HSR,20% off | Use SWIGGYIT,Percentage,RESTAURANT,0,
Moti Mahal Delux,644,1,HSR,"['Mughlai', 'North Indian', 'Chinese', 'Hyderabadi', 'Punjabi']",50000,36,36,36,Sector 2,10% off | Use PARTY,Percentage,RESTAURANT,2500,
THE ROLLS JUNCTION,337082,1,Kudlu Gate,['Fast Food'],25000,36,36,36,Kudlu Gate,,,,2500,
Bindu Garden Family Restaurant,45885,1,HSR,"['Chinese', 'North Indian']",30000,36,36,36,Parangipalya,,,,2800,
Grubbery,239712,1,HSR,"['Continental', 'American', 'Pan-Asian', 'Desserts', 'Beverages']",30000,36,36,36,HSR,,,,2800,
SULEMANI CHICHAS,340017,1,HSR,"['Biryani', 'Indian']",30000,36,36,36,HSR,,,,2800,
Corner House Ice Cream,8174,1,HSR,"['Ice Cream', 'Desserts']",25000,36,36,36,Sector 7,,,,5500,
Pappu Chaiwalla,31685,1,HSR,"['Continental', 'Fast Food', 'North Indian', 'Street Food']",30000,36,36,36,19th main 4th sector Hsr layout,,,,2800,
Moolehatti Donne Biryani Mane,42448,1,HSR,"['Biryani', 'South Indian', 'Chinese', 'Desserts', 'Combo']",25000,36,36,36,HSR,,,,2800,
Bengali Food Hotel,243233,1,Kudlu Gate,['Bengali'],20000,36,36,36,Kudlu Gate,,,,2800,
Sandwich Point,262749,1,HSR,['Indian'],9900,37,37,37,HSR,50% off on all orders,Percentage,RESTAURANT,2800,
The Daily Bowl,256718,1,HSR,"['North Indian', 'Indian']",25000,37,37,37,HSR,50% off on all orders,Percentage,RESTAURANT,2800,
The Golden Bowl,213933,1,HSR,"['Indian', 'North Indian']",20000,37,37,37,HSR,50% off on all orders,Percentage,RESTAURANT,2800,
Pohaful,278035,1,HSR,['Snacks'],20000,37,37,37,HSR,50% off on all orders,Percentage,RESTAURANT,2800,
Pastawallah,277432,1,HSR,['Italian'],20000,37,37,37,HSR,50% off on all orders,Percentage,RESTAURANT,2800,
The Good Bowl,210198,1,Kudlu Gate,"['Fast Food', 'North Indian']",40000,37,37,37,AECS Layout,50% off | Use SWIGGYIT,Percentage,RESTAURANT,2500,
Cake Factory,320296,1,HSR,"['Bakery', 'Desserts']",35000,37,37,37,HSR,50% off | Use SWIGGYIT,Percentage,RESTAURANT,2500,
Rolls On Wheels,1308,1,HSR,['Fast Food'],30000,37,37,37,Opposite NIFT College,50% off | Use SWIGGYIT,Percentage,RESTAURANT,0,
Sandwich Eats,230259,1,HSR,"['Fast Food', 'Indian', 'Snacks', 'Beverages', 'Bakery', 'Desserts']",9900,37,37,37,HSR,50% off | Use SWIGGYIT,Percentage,RESTAURANT,0,
Cafe Coffee Day,29658,1,HSR,"['Beverages', 'Snacks', 'Desserts']",30000,37,37,37,Sector 1,50% off | Use SWIGGYIT,Percentage,RESTAURANT,2800,
SLAY Coffee,219174,1,Kudlu Gate,"['Beverages', 'Cafe', 'Desserts']",20000,37,37,37,AECS Layout,40% off | Use SWIGGYIT,Percentage,RESTAURANT,2500,
Hyderabad Bawarchi,176380,1,HSR,"['Biryani', 'Hyderabadi', 'North Indian', 'Fast Food', 'Andhra', 'Mughlai', 'Seafood', 'Punjabi']",35000,37,37,37,HSR,40% off | Use SWIGGYIT,Percentage,RESTAURANT,2800,
Southly Healthy,295576,1,HSR,"['South Indian', 'Healthy Food']",20000,37,37,37,HSR,40% off | Use SWIGGYIT,Percentage,RESTAURANT,2800,
MH09,344110,1,HSR,"['Snacks', 'Fast Food', 'Beverages']",40000,37,37,37,HSR,30% off on orders above ₹189,Percentage,RESTAURANT,2800,
BIRYANI CO,301150,1,Kudlu Gate,"['Biryani', 'Mughlai', 'Punjabi', 'North Indian', 'Hyderabadi', 'Kebabs']",50000,37,37,37,HSR,30% off | Use SWIGGYIT,Percentage,RESTAURANT,2500,
Dessert Studio by Third Wave,289833,1,HSR,['Desserts'],20000,37,37,37,HSR,30% off | Use SWIGGYIT,Percentage,RESTAURANT,0,
Waffle Head,224169,1,HSR,"['Beverages', 'Desserts']",25000,37,37,37,HSR,30% off | Use SWIGGYIT,Percentage,RESTAURANT,2800,
HomeSe Just Veg,91092,1,HSR,"['Home Food', 'South Indian', 'North Indian']",20000,37,37,37,7th Sector,30% off | Use SWIGGYIT,Percentage,RESTAURANT,0,
Fat2Fit Healthy Food,330068,1,HSR,['Healthy Food'],20000,37,37,37,HSR,25% off on all orders,Percentage,RESTAURANT,2800,
hyderabadi biryani hub,132092,1,Bellandur Sarjapur,"['Chinese', 'South Indian', 'North Indian', 'Desserts', 'Fast Food', 'Beverages', 'Seafood', 'Punjabi', 'Hyderabadi']",35000,37,37,37,Bellandur Sarjapur,25% off | Use SWIGGYIT,Percentage,RESTAURANT,0,
Gongura's,310,1,HSR,"['North Indian', 'Chinese', 'Biryani']",30000,37,37,37,Sector 7,25% off | Use SWIGGYIT,Percentage,RESTAURANT,0,
Kadavu Shappu Curry's,118468,1,Kudlu Gate,"['Kerala', 'Biryani', 'Chinese', 'North Indian']",20000,37,37,37,Muneshwara nagar,20% off on orders above ₹300,Percentage,RESTAURANT,2500,
Biryani Trip,255519,1,HSR,['Biryani'],35000,37,37,37,HSR,20% off on all orders,Percentage,RESTAURANT,2800,
Mad Over Donuts,172335,1,HSR,['Desserts'],20000,37,37,37,Twin Tulips Service Apartments,20% off | Use SWIGGYIT,Percentage,RESTAURANT,2800,
Meghana Foods,323187,1,Kudlu Gate,"['Biryani', 'Andhra', 'South Indian', 'North Indian', 'Chinese', 'Seafood']",50000,37,37,37,Kudlu Gate,,,,5500,
Mumbai Tiffin,171768,1,HSR,"['North Indian', 'Home Food', 'Thalis', 'Combo']",40000,37,37,37,Sector 5,,,,2800,
KFC,17308,1,Bellandur Sarjapur,['Fast Food'],40000,37,37,37,Total Mall,,,,2800,
Gunpowder Idli,332484,1,HSR,['South Indian'],30000,37,37,37,HSR,,,,2800,
Bowl It,316383,1,HSR,"['Salads', 'Desserts', 'Italian']",30000,37,37,37,HSR,,,,2800,
Burgermeister,304156,1,HSR,"['American', 'Fast Food', 'Beverages']",30000,37,37,37,HSR,,,,2800,
Lassiwallah,303561,1,HSR,['Indian'],20000,37,37,37,HSR,,,,2800,
Le Charcoal Xpress,14362,1,HSR,"['Arabian', 'Lebanese']",50000,37,37,37,"Sector 1, HSR Layout",,,,2800,
La Casa Brewery,491,1,Bellandur Sarjapur,"['Continental', 'North Indian', 'American', 'Chinese', 'Italian', 'Pizzas', 'Pastas', 'Steakhouse', 'Salads', 'Desserts', 'Beverages', 'Tandoor', 'Snacks', 'South Indian']",100000,37,37,37,Kasavanahall,,,,2800,
Just Shawarma,20281,1,HSR,['Middle Eastern'],15000,37,37,37,Sector 1,,,,2800,
Al Fazal Biriyani House,229244,1,HSR,"['Indian', 'Biryani']",25000,37,37,37,HSR,,,,2800,
Biryani Khazana,203786,1,HSR,['Biryani'],40000,38,38,38,HSR,50% off on all orders,Percentage,RESTAURANT,2800,
Pop Pulao,281460,1,HSR,['Indian'],20000,38,38,38,HSR,50% off on all orders,Percentage,RESTAURANT,2800,
Khichdi Kahani,276659,1,HSR,"['Healthy Food', 'North Indian']",20000,38,38,38,HSR,50% off on all orders,Percentage,RESTAURANT,2800,
FreshMenu,6907,1,HSR,"['Chinese', 'Continental', 'Italian', 'Mediterranean', 'Thai', 'Lebanese', 'American', 'Asian', 'Beverages', 'Bakery', 'Biryani', 'Cafe', 'Desserts', 'Mexican', 'North Indian', 'Salads', 'Pizzas']",25000,38,38,38,HSR 3rd Sector,50% off | Use SWIGGYIT,Percentage,RESTAURANT,2800,
Five star chicken,263375,1,HSR,"['American', 'Asian', 'Beverages']",13000,38,38,38,HSR,40% off on all orders,Percentage,RESTAURANT,2500,
Coal Spark Restaurant,290156,1,HSR,"['Arabian', 'North Indian', 'Chinese', 'Biryani', 'Barbecue', 'Desserts', 'Juices', 'Ice Cream', 'Seafood', 'Kerala', 'Tandoor']",25000,38,38,38,HSR,30% off on orders above ₹149,Percentage,RESTAURANT,2500,
High Street,14837,1,HSR,"['Biryani', 'North Indian', 'Tandoor', 'Andhra', 'Chinese']",40000,38,38,38,Sector 7,30% off | Use SWIGGYIT,Percentage,RESTAURANT,0,
Hungry Bird,65442,1,Bellandur Sarjapur,"['North Indian', 'Chinese']",40000,38,38,38,Bellandur/Sarjapur,25% off | Use SWIGGYIT,Percentage,RESTAURANT,0,
Subway,4750,1,Bellandur Sarjapur,"['Fast Food', 'Healthy Food', 'Salads', 'Snacks', 'Desserts', 'Beverages']",35000,38,38,38,HMR Complex,20% off | Use SWIGGYIT,Percentage,RESTAURANT,0,
Dosa Chicken & Tiffins,62430,1,HSR,"['South Indian', 'Fast Food', 'Andhra']",20000,38,38,38,HSR,20% off | Use SWIGGYIT,Percentage,RESTAURANT,0,
Art Of Delight,66107,1,Bellandur Sarjapur,"['Desserts', 'Ice Cream', 'Beverages']",30000,38,38,38,Varathur Hobli,20% off | Use SWIGGYIT,Percentage,RESTAURANT,6000,
SHAWARMA HOUSE,306992,1,HSR,['Indian'],14000,38,38,38,HSR,,,,2500,
Kachori Kafe,26647,1,HSR,"['North Indian', 'Rajasthani']",40000,38,38,38,22nd Cross,,,,2800,
Chef Bakers,38768,1,Bellandur Sarjapur,['Cafe'],30000,38,38,38,Kasavanahalli,,,,2800,
Daily Sushi,254655,1,HSR,"['Japanese', 'Korean', 'Pan-Asian']",70000,38,38,38,HSR,,,,2800,
Tree of life chocolates,36005,1,Bellandur Sarjapur,['Desserts'],30000,38,38,38,Bellandur,,,,2800,
Hungry Panda,312170,1,Bellandur Sarjapur,"['Asian', 'Chinese', 'Pan-Asian', 'Snacks']",25000,39,39,39,Bellandur Sarjapur,60% off | Use DEAL60,Percentage,RESTAURANT,2800,
Paratha Meal co,329435,1,HSR,['Indian'],25000,39,39,39,HSR,50% off on all orders,Percentage,RESTAURANT,2800,
Namaste,241027,1,HSR,"['South Indian', 'Healthy Food', 'Thalis', 'Biryani', 'Fast Food', 'Desserts', 'Beverages', 'Indian']",10000,39,39,39,HSR,50% off on all orders,Percentage,RESTAURANT,2800,
Koyla's,86996,1,HSR,"['North Indian', 'Fast Food', 'Mughlai', 'Seafood', 'Kebabs']",25000,39,39,39,"19th main road, 2nd sector",50% off | Use SWIGGYIT,Percentage,RESTAURANT,2800,
PATUK BANGALI,337086,1,Kudlu Gate,"['Bengali', 'Snacks', 'Chaat']",25000,39,39,39,Kudlu Gate,50% off | Use SWIGGYIT,Percentage,RESTAURANT,2500,
Barbeque Delight,25797,1,Bellandur Sarjapur,"['Arabian', 'Chinese', 'Biryani', 'Desserts', 'Ice Cream', 'South Indian', 'Fast Food']",50000,39,39,39,AMRITHA COLLEGE ROAD,40% off | Use SWIGGYIT,Percentage,RESTAURANT,2800,
MANORAMAA KITCHEN,257236,1,HSR,"['Indian', 'Biryani', 'North Indian', 'Chinese', 'Tandoor', 'Pastas', 'Salads', 'Beverages', 'Desserts']",30000,39,39,39,HSR,40% off | Use SWIGGYIT,Percentage,RESTAURANT,2800,
Leon Grill,17036,1,HSR,"['Turkish', 'Portuguese', 'American']",30000,39,39,39,3Rd Sector,40% off | Use SWIGGYIT,Percentage,RESTAURANT,0,
Fabcafe by Fabindia,266717,1,Bellandur Sarjapur,"['North Indian', 'Healthy Food', 'Biryani', 'Beverages']",80000,39,39,39,Bellandur Sarjapur,40% off | Use HEALTHHUB,Percentage,RESTAURANT,2800,
Vijayawada Style,157341,1,Electronic City,['Indian'],36000,39,39,39,"electronics city, Phase 2",30% off on orders above ₹189,Percentage,RESTAURANT,2500,
Nandashree Naati Style,302582,1,Kudlu Gate,"['Biryani', 'Kebabs', 'South Indian']",14900,39,39,39,Kudlu Gate,30% off on orders above ₹149,Percentage,RESTAURANT,2800,
Arya's Kitchens,181514,1,HSR,"['Maharashtrian', 'North Indian', 'Chinese']",30000,39,39,39,HSR,30% off | Use SWIGGYIT,Percentage,RESTAURANT,2800,
Lassi Shop,63502,1,Bellandur Sarjapur,"['Desserts', 'Fast Food', 'Beverages']",2000,39,39,39,Sarjapur,30% off | Use SWIGGYIT,Percentage,RESTAURANT,0,
Cold Stone Creamery,334103,1,Bellandur Sarjapur,"['Ice Cream', 'Desserts', 'Beverages']",20000,39,39,39,Varthur Hobli,25% off | Use SWIGGYIT,Percentage,RESTAURANT,2800,
Eat Retreat,243937,1,Bellandur Sarjapur,"['North Indian', 'Chinese', 'Tandoor', 'Street Food']",35000,39,39,39,Bellandur Sarjapur,20% off on orders above ₹299,Percentage,RESTAURANT,2800,
Momo Monk,255062,1,HSR,"['Fast Food', 'Snacks']",18000,39,39,39,HSR,20% off on all orders,Percentage,RESTAURANT,2800,
ANASTASIA,334526,1,HSR,"['Seafood', 'Mangalorean', 'Continental', 'Pizzas', 'Chinese', 'Indian']",19900,39,39,39,HSR,20% off | Use SWIGGYIT,Percentage,RESTAURANT,2800,
Frosty Crumble,106018,1,Bellandur Sarjapur,"['Desserts', 'Ice Cream', 'Beverages']",30000,39,39,39,Bellandur,20% off | Use SWIGGYIT,Percentage,RESTAURANT,6000,
Flavours Hut,136764,1,HSR,"['Kerala', 'South Indian', 'North Indian', 'Chinese']",10000,39,39,39,"HSR Layout,7th sector",15% off on orders above ₹129,Percentage,RESTAURANT,2800,
Thalassery Restaurant,225438,1,Bellandur Sarjapur,"['Biryani', 'Mughlai', 'North Indian']",30000,39,39,39,Ambalipura,15% off | Use SWIGGYIT,Percentage,RESTAURANT,0,
Rashtrakutas,20819,1,HSR,"['Andhra', 'South Indian', 'Biryani']",55000,39,39,39,19th Main,10% off on orders above ₹199,Percentage,RESTAURANT,2800,
New Donne Biriyani House,170483,1,Bellandur Sarjapur,['Indian'],30000,39,39,39,"rasaganga hotel,Bellandur",10% off | Use SWIGGYIT,Percentage,RESTAURANT,5000,
Amigos Chef,327399,1,Bellandur Sarjapur,"['Fast Food', 'Snacks', 'Beverages']",30000,39,39,39,Bellandur Sarjapur,,,,2500,
NEW CALICUT CAFE RESTAURANT,336362,1,Kudlu Gate,"['Indian', 'Chinese', 'Beverages']",30000,39,39,39,Kudlu Gate,,,,2800,
Cream Stone,683,1,HSR,"['Ice Cream', 'Desserts']",20000,39,39,39,Sector 6,,,,2800,
Biriyani Zone,24236,1,HSR,"['Biryani', 'Andhra', 'South Indian', 'North Indian', 'Tandoor']",60000,39,39,39,HSR 1st sector,,,,2800,
Nanda's,30039,1,HSR,"['Andhra', 'Biryani']",40000,39,39,39,HSR,,,,2800,
TFA The Food Adda,129046,1,HSR,"['Fast Food', 'North Indian', 'Chinese']",35000,40,40,40,"Sector 2, HSR Layout",Extra ₹30 Cashback,FLAT_CASHBACK,RESTAURANT,2800,
LeanCrust Pizza,313460,1,HSR,"['Pizzas', 'Italian', 'Healthy Food']",35000,40,40,40,Harlur Road,60% off | Use DEAL60,Percentage,RESTAURANT,2500,
GUNTUR CHILLI,332641,1,HSR,['South Indian'],35000,40,40,40,HSR,60% off | Use DEAL60,Percentage,RESTAURANT,2800,
Roti Curry and Co,277180,1,HSR,['Indian'],20000,40,40,40,HSR,50% off on all orders,Percentage,RESTAURANT,2800,
Chai Kahani,276666,1,HSR,['Beverages'],10000,40,40,40,HSR,50% off on all orders,Percentage,RESTAURANT,2800,
BaHa Smoothie,333293,1,HSR,"['Healthy Food', 'Juices', 'Beverages', 'Snacks', 'Desserts']",40000,40,40,40,SECTOR 3,50% off | Use SWIGGYIT,Percentage,RESTAURANT,2800,
Wow! Momo,294590,1,HSR,"['Tibetan', 'Fast Food', 'Chinese', 'Snacks', 'Continental', 'Desserts']",30000,40,40,40,HSR SECTOR 4 CCD,50% off | Use SWIGGYIT,Percentage,RESTAURANT,2800,
Galito's,334102,1,Bellandur Sarjapur,"['African', 'Fast Food']",40000,40,40,40,Varthur Hobli,50% off | Use SWIGGYIT,Percentage,RESTAURANT,2800,
Shaan E Panjab,181135,1,Bellandur Sarjapur,"['North Indian', 'Chinese', 'Combo']",25000,40,40,40,ebony apartment.Bellandur,40% off on all orders,Percentage,RESTAURANT,4000,
Firangi Bake,210191,1,Kudlu Gate,"['Italian', 'Spanish', 'Mexican', 'Continental']",50000,40,40,40,AECS Layout,40% off | Use SWIGGYIT,Percentage,RESTAURANT,2500,
Ovenstory Pizza,210188,1,Kudlu Gate,['Pizzas'],60000,40,40,40,AECS Layout,40% off | Use SWIGGYIT,Percentage,RESTAURANT,2500,
Indian Paratha Factory,29200,1,HSR,"['North Indian', 'Beverages']",20000,40,40,40,19th Main,40% off | Use SWIGGYIT,Percentage,RESTAURANT,0,
Uptown Pizza,259474,1,HSR,"['Italian', 'Pizzas', 'Fast Food', 'Beverages']",30000,40,40,40,HSR,40% off | Use SWIGGYIT,Percentage,RESTAURANT,2800,
Rang De Basanti Dhaba,121408,1,HSR,"['North Indian', 'Punjabi', 'Combo', 'Tandoor', 'Mughlai', 'Desserts', 'Thalis', 'Indian']",30000,40,40,40,,40% off | Use SWIGGYIT,Percentage,RESTAURANT,0,
Signature Dum Biriyani & Momoz Paradise,224828,1,Bellandur Sarjapur,"['Chinese', 'Indian', 'Combo']",30000,40,40,40,Bellandur Sarjapur,40% off | Use SWIGGYIT,Percentage,RESTAURANT,4000,
Shanmukha Restaurant,256577,1,HSR,"['Biryani', 'Hyderabadi', 'Andhra', 'North Indian', 'South Indian', 'Chinese', 'Tandoor', 'Seafood', 'Beverages']",30000,40,40,40,HSR,30% off | Use SWIGGYIT,Percentage,RESTAURANT,0,
Napoli Italian Bistro,93594,1,Bellandur Sarjapur,"['Continental', 'Italian']",80000,40,40,40,"Ambalipura, Sarjapur Road",30% off | Use SWIGGYIT,Percentage,RESTAURANT,0,
Khan Saheb Grills and Rolls,63245,1,Bellandur Sarjapur,"['Tandoor', 'Mughlai', 'North Indian', 'Kebabs']",40000,40,40,40,Kaikondrahalli,30% off | Use SWIGGYIT,Percentage,RESTAURANT,4000,
Once Upon A Flame,9927,1,HSR,['Continental'],100000,40,40,40,HSR,30% off | Use JUMBO,Percentage,RESTAURANT,2800,
Snack House,255794,1,HSR,"['Fast Food', 'Snacks']",18000,40,40,40,HSR,20% off on all orders,Percentage,RESTAURANT,2800,
Behrouz Biryani,210187,1,Kudlu Gate,['Biryani'],60000,40,40,40,AECS Layout,20% off | Use SWIGGYIT,Percentage,RESTAURANT,2500,
Kitchen Boy,238069,1,Bellandur Sarjapur,"['North Indian', 'Punjabi', 'Fast Food']",20000,40,40,40,Sarjapur Main Rd,20% off | Use SWIGGYIT,Percentage,RESTAURANT,2800,
Silbatti,27863,1,HSR,['North Indian'],60000,40,40,40,4th Sector,20% off | Use SWIGGYIT,Percentage,RESTAURANT,0,
Basanti Delivers Meals,215403,1,HSR,"['Combo', 'North Indian', 'Punjabi']",35000,40,40,40,HSR,20% off | Use SWIGGYIT,Percentage,RESTAURANT,0,
Madurai Idly Shop,18532,1,Bellandur Sarjapur,['South Indian'],30000,40,40,40,Kaikondrahalli,20% off | Use SWIGGYIT,Percentage,RESTAURANT,0,
California Burrito,36001,1,HSR,"['Mexican', 'American', 'Salads', 'Continental', 'Healthy Food']",35000,40,40,40,Near BDA Complex,10% off | Use SWIGGYIT,Percentage,RESTAURANT,2800,
Phulke Ghar Ke,4747,1,Bellandur Sarjapur,['North Indian'],20000,40,40,40,HMR Complex,10% off | Use SWIGGYIT,Percentage,RESTAURANT,4000,
Punjabi Rasoi,17166,1,HSR,['North Indian'],80000,40,40,40,Sector 3,,,,2800,
CUPPA REDEFINED,256138,1,HSR,"['American', 'Continental', 'Beverages', 'Desserts']",30000,40,40,40,HSR,,,,2800,
"Bhartiya Jalpan - Sweets, Dry Fruit and Savouries",342408,1,HSR,"['North Indian', 'Desserts', 'Beverages']",45000,40,40,40,HSR,,,,2800,
Raichur Biryani House,36136,1,HSR,"['Biryani', 'Chinese', 'South Indian']",30000,40,40,40,HSR,,,,2800,
Tharavadu family restaurant,81810,1,HSR,"['North Indian', 'South Indian']",25000,40,40,40,HSR,,,,2800,
Deja Bowl,241294,1,HSR,"['North Indian', 'Combo', 'Home Food', 'Desserts', 'Indian', 'Punjabi', 'Chinese']",25000,40,40,40,HSR,,,,2800,
Southinn,43423,1,Bellandur Sarjapur,['South Indian'],20000,40,40,40,Bellandur/Sarjapur,,,,4000,
RRoyal Rajasthan,498,1,Bellandur Sarjapur,"['North Indian', 'Rajasthani']",50000,40,40,40,Kaikondrahalli,,,,4000,
cafe kanthari,262408,1,Arekere,"['Kerala', 'South Indian']",25000,40,40,40,begur road,,,,4000,
S S popular frozen stone,129552,1,Bellandur Sarjapur,"['Ice Cream', 'Beverages', 'Juices']",20000,41,41,41,Bellandur Sarjapur,Free delight on orders above ₹199,Freebie,RESTAURANT,5000,
Burger King,57283,1,HSR,"['American', 'Fast Food']",35000,41,41,41,"Ground floor , HSR layout Sectror  3",60% off | Use DEAL60,Percentage,RESTAURANT,2800,
Toque,309782,1,HSR,"['Beverages', 'Healthy Food']",20000,41,41,41,HSR,60% off | Use DEAL60,Percentage,RESTAURANT,2800,
Anjappar,436,1,HSR,"['Chettinad', 'Thalis', 'Biryani', 'Chinese', 'Tandoor']",60000,41,41,41,Sector 6,50% off | Use SWIGGYIT,Percentage,RESTAURANT,0,
Natural Ice Creams Mow,337562,1,HSR,"['Desserts', 'Ice Cream']",12000,41,41,41,HSR,50% off | Use SWIGGYIT,Percentage,RESTAURANT,2800,
Canteen Central,124940,1,Bellandur Sarjapur,"['Snacks', 'Fast Food', 'North Indian', 'South Indian']",20000,41,41,41,Bellandur,50% off | Use SWIGGYIT,Percentage,RESTAURANT,0,
Haji dum biryani,221148,1,Bellandur Sarjapur,['North Indian'],30000,41,41,41,Bellandur Sarjapur,40% off | Use SWIGGYIT,Percentage,RESTAURANT,4000,
Burger House,233226,1,HSR,"['Bakery', 'Beverages', 'Indian', 'Italian']",20000,41,41,41,HSR,20% off on all orders,Percentage,RESTAURANT,2800,
Dhaba Shaba,45754,1,Bellandur Sarjapur,"['North Indian', 'Punjabi', 'Fast Food', 'Thalis', 'Indian']",25000,41,41,41,Bellandur/Sarjapur,20% off on all orders,Percentage,RESTAURANT,4000,
Basanti Delivers Meals,215403,1,HSR,"['Combo', 'North Indian', 'Punjabi']",35000,41,41,41,HSR,20% off | Use SWIGGYIT,Percentage,RESTAURANT,0,
Savoury Restaurant,35187,1,Bellandur Sarjapur,"['Arabian', 'Middle Eastern', 'North Indian', 'Grill', 'Seafood', 'Kerala', 'Chinese']",60000,41,41,41,Bellandur/Sarjapur,20% off | Use SWIGGYIT,Percentage,RESTAURANT,0,
Dindigul Thalappakatti,118256,1,Kudlu Gate,"['Chinese', 'South Indian', 'North Indian']",50000,41,41,41,S K compound,20% off | Use JUMBO,Percentage,RESTAURANT,2800,
Alice Kitchen,230985,1,Kudlu Gate,"['Indian', 'Kerala']",20000,41,41,41,"OWNERS COURT EAST,KASAVANAHALLI",,,,2800,
The Kerala Central,180457,1,HSR,"['South Indian', 'Kerala', 'Coastal']",70000,41,41,41,HSR Layout,,,,2800,
Kabab Magic,6404,1,HSR,"['North Indian', 'Chinese', 'Biryani', 'Tandoor']",30000,41,41,41,Outer Ring Road,,,,2800,
BELLANDUR KERALA MESS,234322,1,Bellandur Sarjapur,['Indian'],16000,41,41,41,Bellandur Sarjapur,,,,5000,
Thali 99,329426,1,HSR,['North Indian'],25000,42,42,42,HSR,50% off on all orders,Percentage,RESTAURANT,2800,
Pizza Hut,240736,1,Kudlu Gate,"['Fast Food', 'Pizzas']",35000,42,42,42,Bommanahalli,50% off | Use SWIGGYIT,Percentage,RESTAURANT,2800,
Meal Studio,231606,1,Bellandur Sarjapur,"['North Indian', 'Indian', 'Combo', 'Desserts', 'Beverages', 'Home Food', 'Healthy Food', 'Thalis', 'South Indian']",30000,42,42,42,Bellandur Sarjapur,50% off | Use SWIGGYIT,Percentage,RESTAURANT,0,
Natural Ice Creams Mow,337549,1,Koramangala,"['Ice Cream', 'Desserts']",12000,42,42,42,HSR,50% off | Use SWIGGYIT,Percentage,RESTAURANT,4000,
Pappe De Desi Parathe,330058,1,Kudlu Gate,['Indian'],25000,42,42,42,Kudlu Gate,40% off | Use SWIGGYIT,Percentage,RESTAURANT,2500,
Chinese Hut,239925,1,Bellandur Sarjapur,['Chinese'],30000,42,42,42,Bellandur Sarjapur,40% off | Use SWIGGYIT,Percentage,RESTAURANT,4000,
Angan Punnjabi Restaurant,224843,1,Bellandur Sarjapur,"['Chinese', 'Indian']",30000,42,42,42,Bellandur Sarjapur,40% off | Use SWIGGYIT,Percentage,RESTAURANT,4000,
Paratha Chai,173794,1,Bellandur Sarjapur,"['North Indian', 'Chinese']",20000,42,42,42,Sarjapur Main Road,40% off | Use HEALTHHUB,Percentage,RESTAURANT,0,
Lo! - Low Carb and Keto Foods,107443,1,HSR,"['Healthy Food', 'Keto', 'South Indian', 'North Indian', 'Desserts', 'Fast Food', 'Continental']",15000,42,42,42,Jakkasandra,40% off | Use HEALTHHUB,Percentage,RESTAURANT,0,
Grub@99,230772,1,Bellandur Sarjapur,"['Beverages', 'Fast Food']",30000,42,42,42,Bellandur Sarjapur,30% off | Use SWIGGYIT,Percentage,RESTAURANT,4000,
KINGS OF TANDOORI,261587,1,Bellandur Sarjapur,"['Indian', 'Tandoor', 'North Indian', 'Chinese', 'Beverages', 'Biryani']",19900,42,42,42,Kasavanahalli main road,25% off | Use SWIGGYIT,Percentage,RESTAURANT,2800,
Paratha Envy,279021,1,HSR,"['North Indian', 'Mughlai', 'Punjabi']",28000,42,42,42,HSR,20% off on all orders,Percentage,RESTAURANT,2800,
MAHAPRASDHA,334810,1,Kudlu Gate,"['Sweets', 'Fast Food', 'Indian', 'Chinese']",25000,42,42,42,Kudlu Gate,20% off | Use SWIGGYIT,Percentage,RESTAURANT,2800,
Indori Zaika,42748,1,HSR,['North Indian'],25000,42,42,42,HSR,20% off | Use SWIGGYIT,Percentage,RESTAURANT,0,
Sichuan,4520,1,HSR,['Chinese'],50000,42,42,42,Sector 1,20% off | Use SWIGGYIT,Percentage,RESTAURANT,0,
Mira's Ranna Ghor,263366,1,Kudlu Gate,['Bengali'],25000,42,42,42,HSR,,,,2800,
Royal Punjab Veg,329950,1,HSR,"['Chinese', 'North Indian', 'Punjabi', 'Tandoor']",34900,42,42,42,HSR,,,,2800,
basil bistro,209399,1,HSR,"['Chinese', 'Continental', 'Italian', 'Indian', 'American', 'Lebanese', 'Mediterranean', 'Mexican']",80000,42,42,42,HSR,,,,2800,
Purnabramha,3038,1,HSR,['Maharashtrian'],85000,42,42,42,Sector 4,,,,2800,
The Rasoiya Street,42076,1,HSR,"['American', 'Chinese', 'Continental', 'Fast Food']",60000,42,42,42,HSR,,,,2800,
Paradise Style Reddy's Restaurant,62431,1,HSR,"['Andhra', 'Arabian', 'Chinese']",30000,42,42,42,HSR,,,,2800,
Thattukada,221992,1,HSR,"['Kerala', 'South Indian']",20000,42,42,42,Popular Colony,,,,2800,
Biriyan,297429,1,HSR,['Indian'],26000,43,43,43,Periamet,Extra ₹30 Cashback,FLAT_CASHBACK,RESTAURANT,2800,
High Street,332526,1,Kudlu Gate,"['Biryani', 'North Indian']",35000,43,43,43,Kudlu Gate,60% off | Use DEAL60,Percentage,RESTAURANT,2800,
Omleterian,255163,1,Kudlu Gate,"['American', 'British', 'Continental']",35000,43,43,43,Kudlu Gate,60% off | Use DEAL60,Percentage,RESTAURANT,2800,
99 VARIETY DOSA AND PAV BHAJI,254595,1,HSR,['Indian'],30000,43,43,43,Bellandur Sarjapur,50% off | Use SWIGGYIT,Percentage,RESTAURANT,2800,
Kulcha Haveli,239020,1,Bellandur Sarjapur,"['North Indian', 'Punjabi', 'Snacks', 'Combo', 'Desserts', 'Beverages']",25000,43,43,43,Bellandur Sarjapur,50% off | Use SWIGGYIT,Percentage,RESTAURANT,0,
Cakes Wagon,88106,1,Bellandur Sarjapur,"['Desserts', 'Bakery', 'Ice Cream', 'Beverages']",30000,43,43,43,5th cross,50% off | Use SWIGGYIT,Percentage,RESTAURANT,5000,
The Game of Paratha,313833,1,HSR,['Indian'],20000,43,43,43,Mangammanapalya,40% off | Use SWIGGYIT,Percentage,RESTAURANT,2800,
The Momo Ministry,310546,1,HSR,['Chinese'],25000,43,43,43,Mangammanapalya,40% off | Use SWIGGYIT,Percentage,RESTAURANT,2800,
Szechuan Dragon,66603,1,HSR,"['Chinese', 'Thai']",40000,43,43,43,Sector 1,40% off | Use SWIGGYIT,Percentage,RESTAURANT,0,
Khichadi Club,340889,1,HSR,['Home Food'],25000,43,43,43,HSR,40% off | Use SWIGGYIT,Percentage,RESTAURANT,2800,
The Red Box,108036,1,HSR,['Chinese'],30000,43,43,43,6th sector,40% off | Use SWIGGYIT,Percentage,RESTAURANT,0,
Desi Dhaba,178398,1,Electronic City,['North Indian'],35000,43,43,43,Electronic City,40% off | Use SWIGGYIT,Percentage,RESTAURANT,0,
nu.tree,39388,1,Bellandur Sarjapur,"['Chinese', 'Healthy Food', 'North Indian']",30000,43,43,43,Shri Balaji Layout,40% off | Use HEALTHHUB,Percentage,RESTAURANT,0,
Meal in a Bowl,266560,1,Bellandur Sarjapur,['North Indian'],20000,43,43,43,Bellandur Sarjapur,30% off on all orders,Percentage,RESTAURANT,4000,
Manoj Gowdru Mane Mudde Oota,154325,1,Kudlu Gate,"['Biryani', 'South Indian', 'Chinese']",19900,43,43,43,begur main road,30% off | Use SWIGGYIT,Percentage,RESTAURANT,0,
Dessert Studio by Third Wave,289835,1,Bellandur Sarjapur,['Desserts'],20000,43,43,43,Bellandur Sarjapur,30% off | Use SWIGGYIT,Percentage,RESTAURANT,0,
AHA-ABSOLUTE HYDERABADI AROMAS,326861,1,Kudlu Gate,['Biryani'],30000,43,43,43,Kudlu Gate,25% off | Use SWIGGYIT,Percentage,RESTAURANT,2500,
Tarbouche,100791,1,HSR,"['Arabian', 'Middle Eastern', 'Street Food', 'Beverages', 'Fast Food']",25000,43,43,43,HSR,20% off | Use SWIGGYIT,Percentage,RESTAURANT,2800,
Aapni Rasoi,22797,1,Bellandur Sarjapur,['North Indian'],30000,43,43,43,Near BBMP Office,20% off | Use SWIGGYIT,Percentage,RESTAURANT,0,
New Punjabi Food Corner,25309,1,Electronic City,['North Indian'],30000,43,43,43,Doggathogur,20% off | Use SWIGGYIT,Percentage,RESTAURANT,0,
Parathe Ghar Ke,50837,1,Bellandur Sarjapur,['North Indian'],10000,43,43,43,bellandur,10% off | Use SWIGGYIT,Percentage,RESTAURANT,4000,
Lassi Magic,121709,1,Kudlu Gate,"['American', 'Desserts', 'Fast Food', 'Beverages']",10500,43,43,43,Kudlu_gate,,,,2500,
AL-BEK,250760,1,HSR,['Tandoor'],50000,43,43,43,HSR,,,,2800,
Frosty Fills,107477,1,Bellandur Sarjapur,['Desserts'],20000,43,43,43,Bellandur/Sarjapur,,,,4000,
Nanda Gokula Family Restaurant,302847,1,Electronic City,['Indian'],20000,43,43,43,Electronic City,,,,4000,
Laddoos,3223,1,Bellandur Sarjapur,"['North Indian', 'Chaat', 'Snacks', 'Sweets', 'Desserts']",20000,43,43,43,Adjacent To Ganesh Temple,,,,5000,
Maharaja Thali,235994,1,Bellandur Sarjapur,"['North Indian', 'Thalis', 'Beverages']",40000,43,43,43,OYO Townhouse 159 Sarjapur,,,,5000,
Wow! China by Wow! Momo,248787,1,HSR,"['Tibetan', 'Fast Food', 'Chinese', 'Snacks', 'Continental', 'Desserts']",30000,44,44,44,Kitchen HSR Layout,50% off | Use SPECIALS,Percentage,RESTAURANT,2800,
Dock Frost'd,262070,1,Bellandur Sarjapur,"['Desserts', 'Ice Cream', 'Beverages']",30000,44,44,44,Bellandur Sarjapur,40% off | Use SWIGGYIT,Percentage,RESTAURANT,0,
The Nosh House,43850,1,Bellandur Sarjapur,"['American', 'Continental', 'Italian', 'Mediterranean', 'Bakery', 'Salads', 'Desserts', 'Beverages', 'Snacks', 'Asian']",80000,44,44,44,Sarjapur,40% off | Use HEALTHHUB,Percentage,RESTAURANT,0,
"No Sugar, All Goodness - By Artinci",259658,1,HSR,"['Desserts', 'Ice Cream', 'Keto', 'Healthy Food', 'Beverages', 'Snacks']",20000,44,44,44,HSR,40% off | Use HEALTHHUB,Percentage,RESTAURANT,4000,
Soup Station,264707,1,Bellandur Sarjapur,"['Continental', 'Healthy Food']",30000,44,44,44,Bellandur Sarjapur,40% off | Use HEALTHHUB,Percentage,RESTAURANT,4000,
nu.tree,39388,1,Bellandur Sarjapur,"['Chinese', 'Healthy Food', 'North Indian']",30000,44,44,44,Shri Balaji Layout,40% off | Use HEALTHHUB,Percentage,RESTAURANT,0,
Zomoz - The Momo Company,334868,1,Bellandur Sarjapur,"['Tibetan', 'Chinese', 'Asian', 'Fast Food', 'Street Food']",20000,44,44,44,Kaikondrahalli,30% off | Use SWIGGYIT,Percentage,RESTAURANT,4000,
Ludos Pizza,303588,1,HSR,"['Pizzas', 'Italian', 'Continental', 'Fast Food']",40000,44,44,44,HSR,25% off on all orders,Percentage,RESTAURANT,2800,
Garage Food Company,59187,1,HSR,['Chinese'],25000,44,44,44,HSR,20% off | Use SWIGGYIT,Percentage,RESTAURANT,0,
Habibi Falafel,256637,1,BTM,"['Mediterranean', 'Lebanese', 'Fast Food', 'Middle Eastern', 'Arabian']",30000,44,44,44,BTM,20% off | Use SWIGGYIT,Percentage,RESTAURANT,0,
Absolute Shawarma,55447,1,Bellandur Sarjapur,"['Arabian', 'Mexican']",14000,44,44,44,Marathahalli,20% off | Use SWIGGYIT,Percentage,RESTAURANT,0,
Mirchies,303618,1,HSR,"['Indian', 'Combo', 'North Indian', 'Chinese']",25000,44,44,44,Mangammanapalya,10% off on orders above ₹90,Percentage,RESTAURANT,2800,
Sardarji Ka Dhaba,193317,1,HSR,"['North Indian', 'Punjabi']",25000,44,44,44,Muneswara Nagar,,,,4000,
Kebabji,318141,1,Electronic City,"['North Indian', 'Fast Food', 'Mughlai']",30000,44,44,44,Electronic City,,,,5000,
Paratha Maharaj,203785,1,Kudlu Gate,"['North Indian', 'Punjabi']",20000,45,45,45,Kudlu Gate,50% off on all orders,Percentage,RESTAURANT,2800,
Biryani Tales,318123,1,Electronic City,"['Biryani', 'Indian', 'Kebabs']",30000,45,45,45,Electronic City,50% off | Use SWIGGYIT,Percentage,RESTAURANT,5000,
Kebarbiq - Grill your Hunger,176327,1,HSR,"['Indian', 'Arabian', 'Chinese', 'Pizzas', 'Barbecue', 'Continental', 'Beverages', 'Combo', 'Italian', 'Desserts', 'Juices', 'Grill']",50000,45,45,45,FFK Tower,40% off | Use SWIGGYIT,Percentage,RESTAURANT,2800,
Foodies,231174,1,HSR,"['Chinese', 'North Indian', 'Punjabi', 'Tandoor']",25000,45,45,45,Koramangala,40% off | Use SWIGGYIT,Percentage,RESTAURANT,4000,
UBQ by Barbeque Nation,126298,1,Bellandur Sarjapur,"['North Indian', 'Mughlai', 'Seafood', 'Biryani', 'Desserts', 'Kebabs']",25000,45,45,45,Sarjapur,40% off | Use SWIGGYIT,Percentage,RESTAURANT,4000,
Stonedzone,125208,1,Electronic City,['Desserts'],30000,45,45,45,Electronic City,40% off | Use SWIGGYIT,Percentage,RESTAURANT,4000,
Green Gobbles,295054,1,Bellandur Sarjapur,"['Keto', 'Healthy Food', 'Oriental', 'North Indian', 'Home Food', 'Indian']",30000,45,45,45,Bellandur Sarjapur,40% off | Use SWIGGYIT,Percentage,RESTAURANT,5000,
New kabab zone,123818,1,HSR,"['Chinese', 'South Indian', 'North Indian', 'Fast Food', 'Seafood', 'Hyderabadi']",30000,45,45,45,Arekere,30% off on all orders,Percentage,RESTAURANT,4000,
Tawa ghar ka,37401,1,HSR,"['Chinese', 'North Indian']",30000,45,45,45,HSR,30% off | Use SWIGGYIT,Percentage,RESTAURANT,0,
Momo Station,257835,1,Bellandur Sarjapur,"['Chinese', 'Snacks']",25000,45,45,45,Bellandur Sarjapur,30% off | Use SWIGGYIT,Percentage,RESTAURANT,0,
McDonald's Gourmet Burger Collection,312910,1,HSR,"['American', 'Continental', 'Fast Food', 'Desserts', 'Beverages']",60000,45,45,45,HSR Layout,20% off | Use SWIGGYIT,Percentage,RESTAURANT,2800,
Banashankari Donne Biryani,238082,1,Arekere,"['Biryani', 'Kebabs', 'South Indian', 'Chinese']",19900,45,45,45,Kudlu Gate,20% off | Use SWIGGYIT,Percentage,RESTAURANT,0,
Mast Marathi,195872,1,HSR,"['Maharashtrian', 'Fast Food', 'North Indian', 'Beverages']",30000,45,45,45,HSR,15% off on orders above ₹299,Percentage,RESTAURANT,2800,
NAMMA ADDA,328222,1,HSR,['Indian'],35000,45,45,45,HSR,,,,2800,
Foody Station,134492,1,Bellandur Sarjapur,"['North Indian', 'South Indian', 'Chinese', 'Fast Food']",20000,45,45,45,"Doddakanneli, Sarjapur Road",,,,6000,
Bengali Fun Foods,71298,1,BTM,['North Indian'],30000,46,46,46,BTM 2nd stage,40% off | Use SWIGGYIT,Percentage,RESTAURANT,0,
Happy Days,93589,1,Electronic City,"['Chinese', 'South Indian', 'North Indian', 'Desserts', 'Fast Food', 'Andhra', 'Beverages', 'Mughlai', 'Seafood', 'Punjabi', 'Hyderabadi']",30000,46,46,46,Electronic city,30% off on orders above ₹189,Percentage,RESTAURANT,2500,
7 Days Restaurant,42749,1,Electronic City,"['Arabian', 'Biryani', 'Chinese', 'Desserts', 'North Indian']",35000,46,46,46,Konappana Agrahara,30% off | Use SWIGGYIT,Percentage,RESTAURANT,4000,
Seven Ate Nine,105806,1,HSR,"['Continental', 'American', 'Pizzas', 'Indian', 'South Indian']",50000,46,46,46,HSR layout,25% off | Use JUMBO,Percentage,RESTAURANT,2800,
Momo Rice Noodles,51542,1,Bellandur Sarjapur,"['Chinese', 'Thai']",35000,46,46,46,bellandur,20% off | Use SWIGGYIT,Percentage,RESTAURANT,0,
O4H - Order For Health,252060,1,Bellandur Sarjapur,"['Healthy Food', 'Salads', 'Mediterranean']",40000,46,46,46,Bellandur Sarjapur,20% off | Use SWIGGYIT,Percentage,RESTAURANT,5000,
Brunch Hub,307521,1,Bellandur Sarjapur,"['Snacks', 'Fast Food', 'Healthy Food']",15000,46,46,46,Bellandur Sarjapur,20% off | Use SWIGGYIT,Percentage,RESTAURANT,0,
McDonald's,23690,1,Bellandur Sarjapur,['Fast Food'],40000,46,46,46,ORR Central Mall,10% off | Use JUMBO,Percentage,RESTAURANT,4000,
Sector 7 Cafe,14415,1,HSR,['Continental'],60000,46,46,46,HSR Layout Sector 7,,,,2800,
Kairali Restaurant,55737,1,Bellandur Sarjapur,['South Indian'],20000,46,46,46,Bellandur/Sarjapur - Bangalore,,,,5000,
Kerala Mess Upahar,41491,1,Bellandur Sarjapur,"['Chettinad', 'South Indian', 'Kerala']",30000,46,46,46,Outer ring road,,,,5000,
Onesta,336826,1,HSR,"['Italian', 'Desserts', 'Pizzas']",20000,47,47,47,"1st Sector, HSR",Extra ₹30 Cashback,FLAT_CASHBACK,RESTAURANT,2800,
Das ka Ghar,150919,1,HSR,"['Bengali', 'Biryani', 'North Indian', 'Sweets']",40000,47,47,47,Roopena Agrahara NGR layout,50% off on all orders,Percentage,RESTAURANT,4000,
Punjabi Dhaba,46489,1,HSR,"['North Indian', 'Chinese']",35000,47,47,47,Vivek Nagar,50% off | Use SWIGGYIT,Percentage,RESTAURANT,0,
Little Italy,16036,1,Bellandur Sarjapur,"['Pizzas', 'Salads', 'Combo', 'Italian', 'Mexican', 'Desserts', 'Beverages']",85000,47,47,47,Sarjapur Road,50% off | Use SWIGGYIT,Percentage,RESTAURANT,4000,
Dande's Hyderabad Biryani,59676,1,Arekere,"['Biryani', 'Chinese', 'North Indian', 'Desserts', 'Andhra', 'Beverages', 'Seafood', 'Hyderabadi']",60000,47,47,47,Vijaya Bank Layout,50% off | Use SWIGGYIT,Percentage,RESTAURANT,0,
Veg Meals Express,323281,1,Electronic City,"['Indian', 'North Indian', 'Thalis', 'Beverages']",25000,47,47,47,Electronic City,50% off | Use SWIGGYIT,Percentage,RESTAURANT,5000,
Meal Studio,231676,1,Electronic City,"['North Indian', 'Indian', 'Combo', 'Desserts', 'Beverages', 'Home Food', 'Healthy Food', 'South Indian', 'Thalis']",30000,47,47,47,Electronic City,50% off | Use SWIGGYIT,Percentage,RESTAURANT,0,
Punjabi Meal Express,340892,1,HSR,['North Indian'],25000,47,47,47,HSR,40% off | Use SWIGGYIT,Percentage,RESTAURANT,2800,
Bathinda Dine,58798,1,Bellandur Sarjapur,"['North Indian', 'Punjabi', 'Snacks', 'Combo', 'Desserts', 'Beverages']",25000,47,47,47,Outer Ring Road,40% off | Use SWIGGYIT,Percentage,RESTAURANT,0,
Ice Scoop,240468,1,Arekere,['Indian'],20000,47,47,47,"Temple Road, Behind Star Market",40% off | Use SWIGGYIT,Percentage,RESTAURANT,5000,
MANOJ GOWDRU MANE MUDDE OOTA,252479,1,Arekere,"['Biryani', 'South Indian']",19900,47,47,47,Arekere,30% off on orders above ₹99,Percentage,RESTAURANT,4000,
The Kitchen Story,186127,1,Bellandur Sarjapur,"['Chinese', 'North Indian', 'Snacks']",25000,47,47,47,Junnasandra,30% off | Use SWIGGYIT,Percentage,RESTAURANT,0,
Kumarakom,295,1,HSR,"['Kerala', 'South Indian']",30000,47,47,47,Sector 4,10% off | Use SWIGGYIT,Percentage,RESTAURANT,2800,
99 VARIETY DOSA AND PAV BHAJI,255461,1,HSR,['South Indian'],30000,47,47,47,HSR Layout,,,,2800,
Bihar Ki Shan,94371,1,HSR,"['Chinese', 'North Indian']",30000,47,47,47,1St sector,,,,2800,
Chianti,175860,1,Bellandur Sarjapur,['Italian'],125000,47,47,47,"AMBALIPURA(V), Bellandur",,,,4000,
Just Bake - Cakes & confectioners,35891,1,BTM,"['Desserts', 'Bakery']",30000,47,47,47,BTM 2nd stage,,,,6000,
Yumlane Biryani,282216,1,Electronic City,"['Mughlai', 'Biryani']",40000,48,48,48,Electronic City,60% off | Use DEAL60,Percentage,RESTAURANT,4000,
The Foody Station,333648,1,Bellandur Sarjapur,"['American', 'Continental', 'Fast Food', 'Snacks']",15000,48,48,48,Bellandur Sarjapur,50% off | Use SWIGGYIT,Percentage,RESTAURANT,5000,
Cakebuy,38596,1,BTM,"['Desserts', 'Bakery', 'Ice Cream']",40000,48,48,48,Billekahalli,50% off | Use SWIGGYIT,Percentage,RESTAURANT,0,
Curry On Tikka,332520,1,HSR,"['North Indian', 'Punjabi', 'Mughlai', 'Thalis', 'Tandoor', 'Biryani', 'Beverages']",35000,48,48,48,HSR,40% off | Use SWIGGYIT,Percentage,RESTAURANT,2800,
Pallavi Restaurant (Authentic taste from Gulbarga),218165,1,Arekere,"['North Indian', 'Chinese', 'Biryani']",25000,48,48,48,Begur,40% off | Use SWIGGYIT,Percentage,RESTAURANT,0,
Creamvilla-Ice creams and Desserts,78174,1,Bellandur Sarjapur,"['Ice Cream', 'Desserts', 'Snacks', 'American', 'Chinese']",25000,48,48,48,Carmelaram Road,40% off | Use SWIGGYIT,Percentage,RESTAURANT,0,
Chai Days,208896,1,BTM,['Snacks'],25000,48,48,48,BTM,40% off | Use HEALTHHUB,Percentage,RESTAURANT,0,
SNACKS MANDI,203283,1,Electronic City,['Kebabs'],25000,48,48,48,Electronic City,30% off | Use SWIGGYIT,Percentage,RESTAURANT,0,
Chai Resto,118261,1,Electronic City,"['North Indian', 'Fast Food', 'Beverages']",15000,48,48,48,phase 1,30% off | Use SWIGGYIT,Percentage,RESTAURANT,0,
Karun Tummy,240531,1,Electronic City,"['North Indian', 'Fast Food']",30000,48,48,48,Electronic City,25% off | Use SWIGGYIT,Percentage,RESTAURANT,4000,
Lassi Empire,133223,1,Arekere,"['Juices', 'Beverages']",9000,48,48,48,Akshaya Nagar,20% off | Use SWIGGYIT,Percentage,RESTAURANT,5000,
Five Star,165897,1,Kudlu Gate,['Fast Food'],30000,48,48,48,Manjunath Nagar,,,,2800,
Shakes Planet,151150,1,Electronic City,['Beverages'],25000,48,48,48,"abbaiah reddy street , electronic city phase I",,,,4000,
Maroosh,318178,1,Electronic City,"['North Indian', 'Lebanese', 'Fast Food']",30000,48,48,48,Electronic City,,,,5000,
Biryani Empire,256248,1,Arekere,['Indian'],25000,48,48,48,Arekere,,,,5000,
Cakes Wagon,74165,1,Electronic City,"['Desserts', 'Bakery', 'Ice Cream', 'Beverages']",30000,49,49,49,PHASE 1,50% off | Use SWIGGYIT,Percentage,RESTAURANT,4000,
Burger King Gold Collection,259635,1,Bellandur Sarjapur,"['American', 'Fast Food']",35000,49,49,49,Bellandur,50% off | Use SPECIALS,Percentage,RESTAURANT,5000,
JENIS RESTAURANT,335579,1,Kudlu Gate,"['Indian', 'Chinese', 'Tandoor', 'Kebabs', 'Biryani']",25000,49,49,49,Kudlu Gate,40% off on orders above ₹200,Percentage,RESTAURANT,2500,
The Jalsa by Nanumal Bhojraaj,341008,1,HSR,"['North Indian', 'Snacks', 'Biryani']",30000,49,49,49,HSR,40% off | Use SWIGGYIT,Percentage,RESTAURANT,2800,
Just Bake - Cakes & confectioners,35893,1,BTM,"['Desserts', 'Bakery']",30000,49,49,49,BTM 1st stage,40% off | Use HEALTHHUB,Percentage,RESTAURANT,6000,
Ruposhi Bangla,55734,1,Electronic City,['North Indian'],40000,49,49,49,Electronic City,30% off on orders above ₹249,Percentage,RESTAURANT,4000,
ZAATAR BENGALURU,277706,1,Bellandur Sarjapur,"['Arabian', 'Biryani', 'North Indian']",40000,49,49,49,Bellandur Sarjapur,30% off on orders above ₹149,Percentage,RESTAURANT,5000,
Palkis,191053,1,Bellandur Sarjapur,"['Chinese', 'North Indian', 'Tandoor']",20000,49,49,49,Bellandur- Sarjapur,30% off on all orders,Percentage,RESTAURANT,4000,
Svadu Pure Ghee Sweets,33734,1,BTM,"['Desserts', 'Fast Food', 'Sweets', 'Chaat']",20000,49,49,49,1st Stage,30% off | Use SWIGGYIT,Percentage,RESTAURANT,6000,
Truffles,47603,1,Bellandur Sarjapur,"['American', 'Beverages', 'Cafe', 'Continental', 'Desserts', 'Italian']",45000,49,49,49,Green Glen Layout,30% off | Use JUMBO,Percentage,RESTAURANT,0,
Snacks Way,174811,1,Arekere,['Beverages'],10000,49,49,49,"Akshaya Nagar , Begur - Hullimavu Road",25% off | Use SWIGGYIT,Percentage,RESTAURANT,5000,
World on a Swirl,59898,1,Arekere,"['Ice Cream', 'Bakery', 'Desserts', 'Fast Food', 'Beverages']",18000,49,49,49,arekere,20% off on orders above ₹149,Percentage,RESTAURANT,5000,
Masala Mandi,333725,1,Bellandur Sarjapur,['Indian'],60000,49,49,49,Bellandur Sarjapur,20% off | Use SWIGGYIT,Percentage,RESTAURANT,5000,
McDonald's,200751,1,Bellandur Sarjapur,['Fast Food'],40000,49,49,49,RMZ Ecospace,10% off | Use JUMBO,Percentage,RESTAURANT,5000,
Chinese And Thai Restaurant,336190,1,Bellandur Sarjapur,"['Chinese', 'Thai']",35000,49,49,49,Kasavanahalli,,,,2800,
Byg Brewski Brewing Company,12394,1,Bellandur Sarjapur,"['Indian', 'Chinese', 'European', 'Tandoor', 'Asian', 'Pizzas', 'Mexican', 'Desserts']",40000,49,49,49,Kaikondrahalli,,,,4000,
Theeram Family Restaurant,67035,1,Bellandur Sarjapur,"['Chinese', 'South Indian', 'North Indian', 'Kerala', 'Seafood']",40000,49,49,49,Sarjapur,,,,6000,
Gyaani Da Punjabi Dhaba,383,1,BTM,['North Indian'],50000,49,49,49,2nd Stage,,,,6000,
Lazzet Lee,111177,1,BTM,['North Indian'],40000,49,49,49,BTM 2nd Stage,,,,6000,
Roll Rutba,313824,1,HSR,"['Fast Food', 'Beverages']",20000,50,50,50,Mangammanapalya,50% off | Use SWIGGYIT,Percentage,RESTAURANT,2800,
Chaap Wale,238072,1,Bellandur Sarjapur,"['North Indian', 'Punjabi', 'Snacks', 'Desserts', 'Beverages', 'Combo']",25000,50,50,50,Bellandur Sarjapur,50% off | Use SWIGGYIT,Percentage,RESTAURANT,0,
Momoz,236943,1,Bellandur Sarjapur,['Chinese'],45000,50,50,50,Bellandur Sarjapur,50% off | Use SWIGGYIT,Percentage,RESTAURANT,0,
Hungeroo,177502,1,Electronic City,"['Pizzas', 'Italian', 'Desserts', 'Fast Food']",50000,50,50,50,electronic city phase 2,50% off | Use SWIGGYIT,Percentage,RESTAURANT,5000,
The Salad Studio,59152,1,Bellandur Sarjapur,"['Healthy Food', 'Salads', 'Cafe', 'Fast Food', 'Beverages']",30000,50,50,50,Bellandur,40% off | Use HEALTHHUB,Percentage,RESTAURANT,5000,
SVADU - Pure Ghee Sweets,33736,1,BTM,"['Desserts', 'Fast Food', 'Sweets', 'Chaat']",20000,50,50,50,2nd Stage,30% off | Use SWIGGYIT,Percentage,RESTAURANT,6000,
Venu's Donne Biryani,42072,1,BTM,['Biryani'],30000,50,50,50,Chocolate Factory Road,30% off | Use JUMBO,Percentage,RESTAURANT,6000,
Burrito King,328447,1,HSR,['Mexican'],35000,50,50,50,HSR,25% off on all orders,Percentage,RESTAURANT,2800,
Hyderabad Magic,20256,1,Electronic City,"['North Indian', 'Chinese', 'Andhra']",30000,50,50,50,Near Tech Mahindra,20% off | Use SWIGGYIT,Percentage,RESTAURANT,0,
Swad E Punjab,40698,1,Electronic City,"['Biryani', 'Mughlai', 'North Indian']",50000,50,50,50,Infosys Gate-6,20% off | Use SWIGGYIT,Percentage,RESTAURANT,0,
Thali's Perfect,313777,1,Bellandur Sarjapur,"['North Indian', 'Thalis']",25000,50,50,50,Bellandur Sarjapur,20% off | Use SWIGGYIT,Percentage,RESTAURANT,0,
Butter and Sauce,339040,1,HSR,"['North Indian', 'Chinese']",40000,50,50,50,HSR,,,,2800,
Z cafe,107460,1,Electronic City,"['Chinese', 'Fast Food', 'Beverages']",30000,50,50,50,Electronic City,,,,4000,
Sri Bhagya Grand,22246,1,Arekere,"['South Indian', 'North Indian', 'Chinese', 'Desserts', 'Jain', 'Ice Cream', 'Fast Food', 'Beverages']",15000,50,50,50,Vijayabank layout,,,,6000,
Namaste Shanghai,160076,1,Electronic City,"['Chinese', 'Thai']",25000,51,51,51,Electronic City,Free Delivery | Use FREEDEL,FREE_DELIVERY,RESTAURANT,0,
Chinese BAE,217707,1,Electronic City,"['Chinese', 'Fast Food', 'Thai']",45000,51,51,51,Electronic City,60% off | Use DEAL60,Percentage,RESTAURANT,0,
Vegan Heat,46646,1,HSR,"['Healthy Food', 'Italian', 'South Indian', 'Desserts', 'Continental', 'Jain', 'American', 'Salads', 'Thai']",25500,51,51,51,Koramangala,50% off on all orders,Percentage,RESTAURANT,4000,
Smoke House Deli,153056,1,Bellandur Sarjapur,"['European', 'Italian', 'American', 'Pastas', 'Salads', 'Juices', 'Desserts', 'Combo']",80000,51,51,51,Doddakannelli,50% off | Use SWIGGYIT,Percentage,RESTAURANT,4000,
Sarjapur Social,80864,1,Bellandur Sarjapur,"['Indian', 'Chinese', 'South Indian', 'American', 'Fast Food', 'Kebabs', 'Mughlai', 'Biryani', 'Combo']",60000,51,51,51,Doddakannelli,50% off | Use SWIGGYIT,Percentage,RESTAURANT,4000,
Call A Cake,45196,1,BTM,['Desserts'],30000,51,51,51,old Madiwala,50% off | Use SWIGGYIT,Percentage,RESTAURANT,0,
Momoz,236943,1,Bellandur Sarjapur,['Chinese'],45000,51,51,51,Bellandur Sarjapur,50% off | Use SWIGGYIT,Percentage,RESTAURANT,0,
Abhiruchi Hotel,20935,1,BTM,"['Chinese', 'Hyderabadi', 'Biryani', 'Indian', 'South Indian', 'Andhra', 'Tandoor']",25000,51,51,51,BTM,45% off on orders above ₹250,Percentage,RESTAURANT,5000,
Pepe's Pizza,142313,1,Bellandur Sarjapur,"['Pizzas', 'Healthy Food', 'Italian', 'Continental', 'American', 'Fast Food', 'Beverages', 'Desserts']",20000,51,51,51,Bellandur Grama,40% off | Use SWIGGYIT,Percentage,RESTAURANT,0,
Lassi Resto Cafe,47749,1,Electronic City,"['Desserts', 'Fast Food', 'Beverages']",10000,51,51,51,Electronic City,40% off | Use SWIGGYIT,Percentage,RESTAURANT,4000,
Banashankari Donne Biryani,258974,1,Arekere,"['Biryani', 'Kebabs', 'South Indian']",19900,51,51,51,Arekere,30% off on orders above ₹99,Percentage,RESTAURANT,4000,
Lassi Paradise,128746,1,Electronic City,['Cafe'],15000,51,51,51,Dodda thogur,30% off on orders above ₹129,Percentage,RESTAURANT,4000,
Hotel Empire,426,1,HSR,"['North Indian', 'Chinese', 'South Indian', 'Biryani']",45000,51,51,51,Sector 6,30% off | Use SWIGGYIT,Percentage,RESTAURANT,2800,
King,27489,1,Electronic City,"['North Indian', 'Chinese', 'Biryani', 'Combo']",25000,51,51,51,behind XIME College,30% off | Use SWIGGYIT,Percentage,RESTAURANT,0,
Pathaan Sir,4497,1,BTM,['Fast Food'],30000,51,51,51,Mico Layout,30% off | Use SWIGGYIT,Percentage,RESTAURANT,0,
Veruthe Oru Thattukada,31075,1,Arekere,"['Biryani', 'Seafood', 'South Indian']",35000,51,51,51,Akshaya Nagar,20% off | Use SWIGGYIT,Percentage,RESTAURANT,0,
The Lakefront Kitchen,132550,1,Kudlu Gate,"['Indian', 'Chinese', 'Tandoor', 'Grill']",22000,51,51,51,Central Jail Road,,,,2800,
Meen Chatti,240044,1,Electronic City,"['Kerala', 'Seafood', 'Biryani']",30000,51,51,51,"Electronic  City,  Phase - 1",,,,4000,
Goli Vada Pav No. 1,12472,1,Electronic City,"['Maharashtrian', 'North Indian', 'Fast Food', 'Street Food']",10000,51,51,51,Phase 1,,,,5000,
Hyderabadi Spice,52902,1,Electronic City,"['Mughlai', 'North Indian']",30000,51,51,51,Phase 1,,,,6000,
Chicken County Restaurant ,95108,1,Arekere,"['South Indian', 'North Indian']",32000,51,51,51,Hulimavu Road,,,,6000,
Muthashy's,92389,1,BTM,"['Chinese', 'South Indian', 'North Indian', 'Kerala', 'Seafood']",30000,51,51,51,Maruthi Nagar Main Road,,,,6000,
Jacky Ching,244730,1,HSR,['Chinese'],20000,52,52,52,Sector 1,50% off on orders above ₹99,Percentage,RESTAURANT,2800,
Bombay Kulfis,54287,1,Electronic City,"['Desserts', 'Ice Cream']",10000,52,52,52,Electronic City,40% off | Use SWIGGYIT,Percentage,RESTAURANT,0,
Barbeque Nation,288804,1,Bellandur Sarjapur,"['North Indian', 'Mughlai', 'Seafood', 'Biryani', 'Desserts', 'Kebabs']",60000,52,52,52,Doddakannelli,30% off | Use SWIGGYIT,Percentage,RESTAURANT,4000,
Brothers Burger,248710,1,BTM,"['American', 'Fast Food', 'Snacks']",20000,52,52,52,BTM layout 1st stage,30% off | Use SWIGGYIT,Percentage,RESTAURANT,0,
Meghan's Kitchen,34135,1,Bellandur Sarjapur,"['Andhra', 'Beverages', 'Biryani', 'Chinese', 'North Indian', 'Seafood']",35000,52,52,52,Shreyas Arcade,20% off | Use SWIGGYIT,Percentage,RESTAURANT,6000,
Kullad Cafe,16197,1,BTM,"['North Indian', 'Cafe', 'Fast Food', 'Beverages']",15000,52,52,52,BTM 2nd Stage,20% off | Use SWIGGYIT,Percentage,RESTAURANT,0,
Vijayashree,33818,1,Arekere,"['Andhra', 'Biryani', 'Chinese', 'North Indian', 'South Indian']",20000,52,52,52,Hulimavu gate,,,,6000,
Vyanjan,253612,1,BTM,['North Indian'],22000,52,52,52,BTM,,,,6000,
Taste of malabar,133174,1,BTM,['Kerala'],23000,52,52,52,BTM Layout,,,,6000,
Polar Bear,239395,1,BTM,"['Desserts', 'Ice Cream']",30000,52,52,52,BTM,,,,6000,
Donne Biryani Mandi,227164,1,BTM,"['Biryani', 'Andhra', 'South Indian']",15000,53,53,53,BTM,50% off on orders above ₹99,Percentage,RESTAURANT,6000,
Tasty Indian Meals,318120,1,Electronic City,"['Indian', 'North Indian', 'Thalis']",25000,53,53,53,Electronic City,50% off | Use SWIGGYIT,Percentage,RESTAURANT,5000,
Chopstick,207569,1,Electronic City,['Chinese'],40000,53,53,53,Doddathoguru,50% off | Use SWIGGYIT,Percentage,RESTAURANT,0,
ICE HOUSE DESSERTS,173593,1,Bellandur Sarjapur,"['Desserts', 'Ice Cream', 'Beverages', 'Bakery']",20000,53,53,53,bellandur,50% off | Use SWIGGYIT,Percentage,RESTAURANT,5000,
U R Military Hotel,240901,1,BTM,"['Biryani', 'Andhra', 'South Indian', 'Combo', 'Kebabs', 'North Indian', 'Healthy Food']",10000,53,53,53,BTM,40% off on orders above ₹99,Percentage,RESTAURANT,6000,
The House of Rolls,292203,1,Bellandur Sarjapur,"['Fast Food', 'Snacks', 'Beverages']",30000,53,53,53,Bellandur,40% off | Use SWIGGYIT,Percentage,RESTAURANT,5000,
Hao Chi,262660,1,Bellandur Sarjapur,"['Asian', 'Chinese', 'Japanese', 'Pan-Asian', 'Thai', 'Desserts']",60000,53,53,53,Bellandur Sarjapur,40% off | Use SWIGGYIT,Percentage,RESTAURANT,5000,
Thalaivars Biryani,296693,1,Bellandur Sarjapur,"['Andhra', 'Biryani', 'Hyderabadi', 'South Indian', 'Indian']",30000,53,53,53,Bellandur Sarjapur,30% off | Use SWIGGYIT,Percentage,RESTAURANT,4000,
Swad Punjab da,151356,1,BTM,['Indian'],25000,53,53,53,BTM,30% off | Use SWIGGYIT,Percentage,RESTAURANT,0,
TFL's Kitchen,214643,1,Arekere,"['North Indian', 'Thalis']",20000,53,53,53,Bilekahalli,30% off | Use SWIGGYIT,Percentage,RESTAURANT,6000,
BIB - English Breakfast in the box,37380,1,BTM,"['American', 'Continental']",40000,53,53,53,18th main road,30% off | Use SWIGGYIT,Percentage,RESTAURANT,0,
Bangaliana,17044,1,Electronic City,['Bengali'],50000,53,53,53,Velankani Road,20% off | Use SWIGGYIT,Percentage,RESTAURANT,0,
wok in China,208923,1,HSR,['Chinese'],30000,53,53,53,HSR,,,,2800,
The House of Paratha,50729,1,HSR,['North Indian'],20000,53,53,53,"4th Sector, HSR Layout
",,,,2800,
KKR Foodies,151200,1,BTM,"['Chinese', 'Fast Food', 'Biryani']",45000,53,53,53,BTM,,,,6000,
Cholo Jai Kolkata,188139,1,Bellandur Sarjapur,['Bengali'],30000,54,54,54,Bellandur Sarjapur,Free Delivery | Use FREEDEL,FREE_DELIVERY,RESTAURANT,0,
Mediterranean Delights,318136,1,Electronic City,"['Arabian', 'Lebanese', 'Mediterranean', 'Turkish']",40000,54,54,54,Electronic City,50% off | Use SWIGGYIT,Percentage,RESTAURANT,5000,
Biryani BAE,300816,1,Electronic City,"['Indian', 'Chinese']",40000,54,54,54,Veera Medicals,40% off | Use SWIGGYIT,Percentage,RESTAURANT,5000,
Kottayam Diaries,318526,1,Bellandur Sarjapur,"['Kerala', 'South Indian', 'Desserts']",30000,54,54,54,Bellandur Sarjapur,40% off | Use SWIGGYIT,Percentage,RESTAURANT,5000,
BIRYANI CIRCLE,325788,1,BTM,['Biryani'],40000,54,54,54,BTM,40% off | Use SWIGGYIT,Percentage,RESTAURANT,5000,
Frozen Bottle,112314,1,BTM,"['Beverages', 'Ice Cream', 'Desserts']",25000,54,54,54,2nd Stage,40% off | Use SWIGGYIT,Percentage,RESTAURANT,6000,
"No Sugar Please, Sweets & Juices",256913,1,Bellandur Sarjapur,"['Beverages', 'Keto', 'Fast Food', 'Chaat', 'Desserts', 'Salads', 'Snacks', 'Street Food', 'Mediterranean', 'Thai', 'Cafe', 'Healthy Food', 'Juices', 'Indian', 'Ice Cream']",20000,54,54,54,Bellandur Sarjapur,40% off | Use HEALTHHUB,Percentage,RESTAURANT,0,
Lassi Corner,46658,1,Electronic City,"['Beverages', 'Cafe', 'Desserts', 'Fast Food']",10000,54,54,54,Electronic City,30% off on orders above ₹129,Percentage,RESTAURANT,4000,
Balle Balle Punjabi Dhaba,224377,1,Bellandur Sarjapur,"['Beverages', 'Indian']",20000,54,54,54,Sarjapur,30% off | Use SWIGGYIT,Percentage,RESTAURANT,4000,
Nizza Pizza,162458,1,HSR,"['Pizzas', 'Italian', 'Continental', 'Beverages']",40000,54,54,54,Koramangala 1st block,30% off | Use SWIGGYIT,Percentage,RESTAURANT,0,
R.B Food Point,73541,1,BTM,"['Chinese', 'North Indian']",35000,54,54,54,Jay Bheema Nagar,30% off | Use SWIGGYIT,Percentage,RESTAURANT,5000,
Punjabi Swag,37744,1,BTM,"['Punjabi', 'North Indian', 'Chinese', 'Fast Food', 'Mughlai', 'Desserts']",40000,54,54,54,16th Main Road,30% off | Use SWIGGYIT,Percentage,RESTAURANT,0,
Al Daaz,59593,1,HSR,"['American', 'Arabian', 'Chinese', 'Desserts', 'Fast Food', 'Mughlai', 'North Indian']",40000,54,54,54,HSR,30% off | Use JUMBO,Percentage,RESTAURANT,2800,
Broadway - The Gourmet Theatre,76410,1,HSR,"['Chinese', 'North Indian', 'Continental', 'Desserts', 'Beverages', 'Seafood', 'Pan-Asian', 'Vietnamese', 'Thai']",180000,54,54,54,27th main,30% off | Use JUMBO,Percentage,RESTAURANT,2800,
Meat and Eat,5323,1,BTM,['Fast Food'],30000,54,54,54,Maruthi Nagar BTM,25% off above Rs 299,Percentage,RESTAURANT,6000,
FlyingKombucha,162529,1,Electronic City,"['American', 'Beverages', 'Cafe', 'Fast Food', 'Korean', 'Chinese', 'Japanese', 'Healthy Food']",20000,54,54,54,Doddathogur Main Road,25% off | Use JUMBO,Percentage,RESTAURANT,4000,
Donne Biryani,260444,1,BTM,"['Biryani', 'Andhra', 'Attractive Combos Available']",10000,54,54,54,BTM,20% off on orders above ₹200,Percentage,RESTAURANT,6000,
Delhi Base,12253,1,Electronic City,['North Indian'],20000,54,54,54,Phase 1,20% off | Use SWIGGYIT,Percentage,RESTAURANT,0,
Tuckshop Cafe,238448,1,Arekere,"['Indian', 'Biryani', 'Continental']",15000,54,54,54,Arekere,,,,5000,
MAD Belgian waffles,99780,1,Electronic City,['Desserts'],25000,54,54,54,Electronic City,,,,5000,
Kolkata cafe,261567,1,BTM,"['Indian', 'Fast Food', 'Chinese']",40000,54,54,54,BTM,,,,6000,
NEW Mahesh friends food center,71042,1,BTM,"['Chinese', 'North Indian']",20000,55,55,55,"16th main,7th Cross",40% off | Use SWIGGYIT,Percentage,RESTAURANT,0,
Aramane Donne Biriyani,42309,1,BTM,"['Biryani', 'South Indian']",25000,55,55,55,BTM,30% off | Use SWIGGYIT,Percentage,RESTAURANT,0,
Spice of Kolkata,4535,1,Bellandur Sarjapur,"['Bengali', 'North Indian', 'Chinese', 'Tandoor']",35000,55,55,55,Central Mall,20% off | Use SWIGGYIT,Percentage,RESTAURANT,0,
EAT - East Asian Treats,252811,1,Electronic City,"['Chinese', 'Asian', 'Thai', 'Seafood', 'Snacks', 'Indonesian']",30000,55,55,55,Electronic City,15% off | Use SWIGGYIT,Percentage,RESTAURANT,4000,
Food Corner,236414,1,Electronic City,"['Chinese', 'Continental', 'Indian']",30000,55,55,55,Electronic City,,,,4000,
Seasons,28131,1,Electronic City,"['North Indian', 'Chinese', 'Seafood', 'Biryani', 'Arabian', 'Continental', 'South Indian', 'Beverages']",30000,55,55,55,Electronic city,,,,5000,
Shanghai Court,27207,1,Arekere,['Chinese'],50000,55,55,55,DLF Township,,,,5000,
Oottupura,115918,1,BTM,"['Kerala', 'South Indian']",26800,55,55,55,BTM,,,,6000,
Chili's American Grill & Bar,32924,1,Bellandur Sarjapur,"['American', 'Salads', 'Mexican', 'Italian', 'Steakhouse']",90000,55,55,55,RMZ Eco world,,,,6000,
Yum In My Tum,107301,1,BTM,"['Chinese', 'Continental', 'Beverages', 'Pizzas', 'Italian', 'Healthy Food', 'North Indian', 'Fast Food', 'Pastas', 'Desserts', 'Tibetan']",20000,56,56,56,2nd Stage,60% off | Use DEAL60,Percentage,RESTAURANT,0,
Pepe's Pizza,332831,1,HSR,"['Pizzas', 'Italian', 'Healthy Food', 'Combo', 'Continental', 'American']",30000,56,56,56,HSR,40% off | Use SWIGGYIT,Percentage,RESTAURANT,2800,
Paaji Paratha! Breakfast Special,314867,1,Electronic City,"['Punjabi', 'North Indian', 'Fast Food', 'Snacks', 'Beverages']",35000,56,56,56,Electronic City,40% off | Use SWIGGYIT,Percentage,RESTAURANT,4000,
Potful - Claypot Biryanis,49706,1,Bellandur Sarjapur,"['Biryani', 'Mughlai', 'Kebabs', 'North Indian']",50000,56,56,56,Kaikondarahalli,30% off | Use SWIGGYIT,Percentage,RESTAURANT,0,
Sharma's Kitchen (Rajasthani Home Food),185111,1,BTM,['North Indian'],20000,56,56,56,BTM Layout,20% off on orders above ₹159,Percentage,RESTAURANT,5000,
THE TASTE OF TANDOORI,256422,1,Electronic City,"['Tandoor', 'Chinese', 'Combo', 'Fast Food', 'North Indian', 'Indian']",30000,56,56,56,Narayan reddy layout,20% off on all orders,Percentage,RESTAURANT,5000,
World of asia,94724,1,BTM,"['Beverages', 'Chinese']",25000,56,56,56,BTM,20% off | Use SWIGGYIT,Percentage,RESTAURANT,0,
Chaat Street,255436,1,BTM,"['Fast Food', 'Snacks', 'Chaat', 'Street Food', 'Beverages', 'Combo', 'North Indian', 'Indian', 'Maharashtrian', 'Rajasthani']",15000,56,56,56,Btm,20% off | Use SWIGGYIT,Percentage,RESTAURANT,0,
Fishing Boat,19651,1,Electronic City,"['Indian', 'Chinese', 'Biryani', 'Tandoor', 'North Indian', 'Seafood', 'Desserts']",35000,56,56,56,Opp Symbiosis Institute,20% off | Use JUMBO,Percentage,RESTAURANT,6000,
Satkar restaurant,39175,1,Electronic City,"['Chinese', 'North Indian']",20000,56,56,56,electronic city,15% off on orders above ₹99,Percentage,RESTAURANT,5000,
NoCo Kitchen,201216,1,Bellandur Sarjapur,"['Beverages', 'Chinese', 'North Indian', 'Snacks']",45000,56,56,56,Carmelaram,,,,4000,
Only Maggi,192188,1,Electronic City,"['Fast Food', 'North Indian']",20000,56,56,56,Electronic City,,,,6000,
Delhi Wala Paratha,230443,1,BTM,['North Indian'],20000,56,56,56,9th D Main Cross,,,,6000,
Udta Punjab Kitchen,224634,1,BTM,"['North Indian', 'Chinese']",15000,56,56,56,9th D Main Cross,,,,6000,
Burger Zone,226600,1,Electronic City,['Fast Food'],30000,57,57,57,Electronic City,40% off on all orders,Percentage,RESTAURANT,5000,
Ambara Gardenia,36451,1,Arekere,"['Chinese', 'North Indian', 'Andhra', 'Tandoor']",30000,57,57,57,Vijaya Bank Colony,40% off | Use SWIGGYIT,Percentage,RESTAURANT,0,
Biryani Crafts,231499,1,BTM,"['Biryani', 'North Indian', 'Chinese', 'Tandoor', 'Indian']",25000,57,57,57,BTM,30% off on all orders,Percentage,RESTAURANT,6000,
Abiruchi Restaurant,325734,1,Electronic City,"['Andhra', 'North Indian', 'Chinese', 'South Indian']",25000,57,57,57,Electronic City,30% off | Use SWIGGYIT,Percentage,RESTAURANT,6000,
New Punjabi Food Corner,25308,1,Electronic City,['North Indian'],30000,57,57,57,phase 2,20% off | Use SWIGGYIT,Percentage,RESTAURANT,0,
Sitara Veg,19649,1,Electronic City,"['South Indian', 'North Indian', 'Chinese', 'Chaat', 'Desserts', 'Tandoor']",20000,57,57,57,Opp Symbiosis Institute,20% off | Use SWIGGYIT,Percentage,RESTAURANT,0,
Indian Grill House,230758,1,Electronic City,"['Indian', 'North Indian', 'Seafood', 'Tandoor']",37500,58,58,58,Electronic City,30% off | Use SWIGGYIT,Percentage,RESTAURANT,0,
99 Variety Dosa and Pav Bhaji,233145,1,BTM,['Chinese'],30000,58,58,58,"SARJAPURA ROAD, KASAVANAHALLI",30% off | Use SWIGGYIT,Percentage,RESTAURANT,0,
Samosa House,240894,1,BTM,"['Indian', 'North Indian', 'Fast Food']",30000,58,58,58,BTM,30% off | Use SWIGGYIT,Percentage,RESTAURANT,6000,
C. K. Mega Hot Food,56713,1,BTM,['Chinese'],35000,58,58,58,BTM,30% off | Use SWIGGYIT,Percentage,RESTAURANT,0,
Boston Barista - Kappayum Curriyum,32731,1,BTM,"['Kerala', 'South Indian']",18000,58,58,58,taverekare,20% off on orders above ₹300,Percentage,RESTAURANT,0,
Popular Burger,140078,1,Electronic City,['Fast Food'],15000,58,58,58,Electronic City,20% off | Use SWIGGYIT,Percentage,RESTAURANT,6000,
Thottathil Restaurant,40098,1,BTM,['South Indian'],20000,58,58,58,Maruthi Nagar,,,,6000,
Budapest Bake Inn,206489,1,BTM,"['Desserts', 'Ice Cream', 'Snacks', 'Fast Food']",35000,59,59,59,BTM,Free Delivery | Use FREEDEL,FREE_DELIVERY,RESTAURANT,0,
Kitchens of China,124198,1,Electronic City,"['Chinese', 'Combo', 'Asian']",35000,59,59,59,Electronic City,50% off | Use SWIGGYIT,Percentage,RESTAURANT,6000,
Voosh Chai Samosa,327346,1,BTM,"['Beverages', 'Snacks', 'North Indian']",20000,59,59,59,BTM,50% off | Use SWIGGYIT,Percentage,RESTAURANT,6000,
Kitchens of Punjab,94369,1,Electronic City,"['North Indian', 'Punjabi', 'Mughlai']",40000,59,59,59,Neeladri Road,40% off | Use SWIGGYIT,Percentage,RESTAURANT,0,
Hyderabad Darbar,74160,1,Electronic City,"['Chinese', 'South Indian', 'North Indian', 'Andhra', 'Beverages', 'Mughlai', 'Hyderabadi']",30000,59,59,59,Phase2,40% off | Use SWIGGYIT,Percentage,RESTAURANT,0,
Garden Fresh,31007,1,BTM,"['Beverages', 'Juices', 'Salads']",12000,59,59,59,"M.C.H.S Colony, B.T.M STAGE 2",40% off | Use HEALTHHUB,Percentage,RESTAURANT,0,
Burger Cafe,228281,1,Electronic City,"['American', 'Fast Food', 'Continental', 'Snacks']",25000,59,59,59,Electronic City,30% off on all orders,Percentage,RESTAURANT,5000,
ROTI SABJI.COM,259388,1,BTM,"['Rajasthani', 'North Indian']",20000,59,59,59,BTM,30% off | Use SWIGGYIT,Percentage,RESTAURANT,6000,
 Maggi Hut,115742,1,BTM,"['Fast Food', 'North Indian']",20000,59,59,59,BTM 2ND STAGE,15% off | Use SWIGGYIT,Percentage,RESTAURANT,6000,
Kritunga,15900,1,Electronic City,['Biryani'],40000,59,59,59,Neeladri Nagar,,,,6000,
Pizza Republic,27743,1,Electronic City,['Italian'],50000,59,59,59,Bettadasanapura Main Rd,,,,6000,
Pizza Hut,53761,1,BTM,"['Fast Food', 'Pizzas']",35000,60,60,60,Banerghata,50% off | Use SWIGGYIT,Percentage,RESTAURANT,6000,
Foodie Paradise,214641,1,Arekere,"['Combo', 'Italian', 'Pizzas']",20000,60,60,60,Bilekahalli,50% off | Use SWIGGYIT,Percentage,RESTAURANT,6000,
 Sri Lakshmi Dhaba,124023,1,BTM,['North Indian'],20000,60,60,60,"100 Feet Ring Road, B T M Mico Layout",50% off | Use SWIGGYIT,Percentage,RESTAURANT,0,
Hipo Burger,242211,1,Electronic City,['Indian'],50000,60,60,60,Electronic City,40% off | Use SWIGGYIT,Percentage,RESTAURANT,5000,
Holy Smoke,142407,1,BTM,"['Arabian', 'Mughlai', 'Chinese', 'Biryani']",30000,60,60,60,BTM,30% off | Use SWIGGYIT,Percentage,RESTAURANT,0,
Biryani Lover,236422,1,Electronic City,"['Biryani', 'Chinese', 'Indian']",30000,60,60,60,Electronic City,20% off | Use SWIGGYIT,Percentage,RESTAURANT,0,
Pattikattan Biriyani House,100271,1,Electronic City,"['Kerala', 'Chettinad', 'South Indian', 'North Indian']",40000,60,60,60,"Neeladri Rd, Karuna Nagar",10% off on all orders,Percentage,RESTAURANT,6000,
Scoopy Doo,173696,1,Electronic City,['Desserts'],32000,60,60,60,Electronic City,,,,6000,
Voosh Thalis & Bowls,331431,1,Electronic City,"['North Indian', 'Home Food']",19900,61,61,61,Electronic City,50% off | Use SWIGGYIT,Percentage,RESTAURANT,6000,
Juice Shop,246129,1,Electronic City,"['Fast Food', 'Juices']",15000,61,61,61,Electronic City,50% off | Use SWIGGYIT,Percentage,RESTAURANT,0,
Coco barista,133164,1,BTM,"['North Indian', 'Chinese', 'Fast Food', 'Snacks']",30000,61,61,61,BTM Layout,30% off | Use SWIGGYIT,Percentage,RESTAURANT,6000,
Food Treasure,184112,1,Electronic City,"['North Indian', 'Home Food', 'Bengali']",15000,61,61,61,Electronic City,25% off on all orders,Percentage,RESTAURANT,4000,
Kathi Chowk,175693,1,Electronic City,"['North Indian', 'Chinese', 'Tandoor', 'Biryani']",40000,61,61,61,ELECTRONIC CITY PHASE 1,20% off | Use SWIGGYIT,Percentage,RESTAURANT,6000,
Kathi Junction,110350,1,Electronic City,"['North Indian', 'Chinese']",50000,61,61,61,ELECTRONIC CITY PHASE 1,20% off | Use SWIGGYIT,Percentage,RESTAURANT,6000,
Achayans pride,131806,1,Electronic City,"['South Indian', 'Kerala']",20000,61,61,61,BETTADASANAPURA,,,,6000,
Oregano,302177,1,Electronic City,['Pizzas'],40000,61,61,61,Electronic City,,,,6000,
Only Punjabi,220235,1,Electronic City,"['North Indian', 'Punjabi']",20000,61,61,61,Electronic City,,,,6000,
Voosh Desi Parathas,327350,1,BTM,"['Beverages', 'Snacks', 'North Indian']",20000,62,62,62,BTM,50% off | Use SWIGGYIT,Percentage,RESTAURANT,6000,
Hatti Punjab Di,12323,1,Electronic City,"['Punjabi', 'North Indian', 'Chinese', 'Tandoor']",40000,62,62,62,Neeladari nagar,30% off | Use SWIGGYIT,Percentage,RESTAURANT,0,
Easy Bites,246591,1,Electronic City,"['American', 'Continental', 'Combo', 'Snacks', 'Seafood']",20000,62,62,62,Electronic City,,,,6000,
Aaha Biryani,300815,1,Electronic City,['Biryani'],40000,63,63,63,Veera Medicals,40% off | Use SWIGGYIT,Percentage,RESTAURANT,5000,
Simply Indian,23501,1,Arekere,"['Coastal', 'Chinese', 'Biryani', 'Bengali']",50000,63,63,63,"6th Stage, Bannerghatta Road",,,,6000,
Voosh Thalis & Bowls,331431,1,Electronic City,"['North Indian', 'Home Food']",19900,64,64,64,Electronic City,50% off | Use SWIGGYIT,Percentage,RESTAURANT,6000,
BLR Brewing CO,314969,1,Electronic City,['Indian'],40000,65,65,65,Electronic City,40% off | Use SWIGGYIT,Percentage,RESTAURANT,6000,
Voosh Thalis & Bowls,326337,1,BTM,"['North Indian', 'Home Food']",19900,68,68,68,BTM,50% off | Use SWIGGYIT,Percentage,RESTAURANT,6000,
Churroz,314070,1,Electronic City,"['Fast Food', 'Desserts']",25000,70,70,70,Electronic City,40% off | Use SWIGGYIT,Percentage,RESTAURANT,6000,
EXPRESS BY AB'S,256914,1,BTM,['Barbecue'],50000,71,71,71,BTM,20% off | Use SWIGGYIT,Percentage,RESTAURANT,0,
